sex,max_boulder,exp,pullup,pushup,height (cm),weight (kg),span (cm),BMI,APE,pullup_ratio,gender,top_or_bottom
1,7,2,15.0,40.0,173.0,77.0,178.0,25.727555214006482,1.0289017341040463,1.1948051948051948,Male,Bottom
1,2,2,11.0,24.0,180.0,81.0,180.0,25.0,1.0,1.1358024691358024,Male,Bottom
1,4,5,8.0,30.0,173.0,70.0,178.0,23.38868655818771,1.0289017341040463,1.1142857142857143,Male,Bottom
1,6,3,9.0,15.0,176.0,67.0,170.0,21.62964876033058,0.9659090909090909,1.1343283582089552,Male,Bottom
1,4,1,9.0,25.0,186.0,88.0,192.0,25.4364666435426,1.032258064516129,1.1022727272727273,Male,Bottom
1,6,3,7.0,30.0,178.0,81.6,178.0,25.754323948996337,1.0,1.0857843137254901,Male,Bottom
0,5,1,12.0,30.0,168.0,54.0,170.0,19.13265306122449,1.0119047619047619,1.2222222222222223,Female,Bottom
1,10,3,35.0,120.0,163.0,65.0,165.0,24.46460160337235,1.0122699386503067,1.5384615384615385,Male,Top
1,2,1,10.0,10.0,174.0,70.0,178.0,23.120623596247853,1.0229885057471264,1.1428571428571428,Male,Bottom
1,6,1,10.0,30.0,176.0,60.0,177.0,19.369834710743802,1.0056818181818181,1.1666666666666667,Male,Bottom
1,5,1,10.0,30.0,190.0,82.0,197.0,22.714681440443215,1.0368421052631578,1.1219512195121952,Male,Bottom
1,6,4,20.0,40.0,177.0,66.0,178.0,21.06674327300584,1.0056497175141244,1.303030303030303,Male,Bottom
1,9,6,12.0,20.0,179.0,69.0,178.0,21.534908398614277,0.994413407821229,1.173913043478261,Male,Top
0,2,2,5.0,11.0,165.1,53.0,165.1,19.44382586990026,1.0,1.0943396226415094,Female,Bottom
1,3,0,18.0,50.0,180.0,79.5,185.0,24.537037037037035,1.0277777777777777,1.2264150943396226,Male,Bottom
1,4,1,12.0,10.0,186.0,73.0,190.0,21.10070528384784,1.021505376344086,1.1643835616438356,Male,Bottom
1,5,1,12.0,70.0,183.0,100.0,185.0,29.860551225775623,1.010928961748634,1.12,Male,Bottom
1,8,2,13.0,22.0,167.0,60.0,179.0,21.513858510523864,1.0718562874251496,1.2166666666666666,Male,Top
1,5,1,32.0,286.0,173.0,86.0,173.0,28.734672057202044,1.0,1.372093023255814,Male,Bottom
1,10,6,25.0,25.0,182.0,72.0,182.0,21.736505252988767,1.0,1.3472222222222223,Male,Top
1,5,0,16.0,115.0,170.0,64.0,165.0,22.145328719723185,0.9705882352941176,1.25,Male,Bottom
1,5,2,10.0,20.0,182.0,76.0,180.0,22.944088878154812,0.989010989010989,1.131578947368421,Male,Bottom
1,3,0,18.0,40.0,178.0,70.3,178.0,22.187855068804442,1.0,1.256045519203414,Male,Bottom
1,3,1,10.0,50.0,183.0,80.0,187.0,23.888440980620498,1.0218579234972678,1.125,Male,Bottom
1,7,1,20.0,30.0,193.0,79.0,193.0,21.20862305028323,1.0,1.2531645569620253,Male,Bottom
1,4,1,15.0,40.0,174.0,65.0,176.0,21.469150482230148,1.0114942528735633,1.2307692307692308,Male,Bottom
1,7,1,20.0,15.0,186.0,72.5,190.0,20.956179905191348,1.021505376344086,1.2758620689655173,Male,Bottom
1,0,0,16.0,105.0,188.0,73.0,189.0,20.654142145767317,1.0053191489361701,1.2191780821917808,Male,
1,5,1,12.0,50.0,182.0,79.0,184.0,23.849776597029344,1.010989010989011,1.1518987341772151,Male,Bottom
1,6,0,45.0,112.0,180.0,86.0,177.0,26.54320987654321,0.9833333333333333,1.5232558139534884,Male,Bottom
1,5,6,20.0,25.0,174.0,75.0,180.0,24.772096710265558,1.0344827586206897,1.2666666666666666,Male,Bottom
1,7,1,12.0,30.0,178.0,59.0,183.0,18.621386188612547,1.0280898876404494,1.2033898305084745,Male,Bottom
1,1,0,12.0,33.0,175.0,73.0,183.0,23.836734693877553,1.0457142857142858,1.1643835616438356,Male,Bottom
1,12,6,25.0,40.0,178.0,70.0,195.0,22.093170054286073,1.095505617977528,1.3571428571428572,Male,Top
1,6,3,12.0,45.0,178.0,75.0,180.0,23.671253629592222,1.0112359550561798,1.16,Male,Bottom
0,3,2,1.0,0.0,165.0,65.0,163.0,23.875114784205696,0.9878787878787879,1.0153846153846153,Female,Bottom
1,6,2,15.0,35.0,174.0,73.0,179.0,24.111507464658473,1.028735632183908,1.2054794520547945,Male,Bottom
0,4,1,2.0,45.0,171.0,74.0,178.0,25.3069320474676,1.04093567251462,1.027027027027027,Female,Bottom
1,3,6,10.0,30.0,170.0,66.5,171.0,23.010380622837374,1.0058823529411764,1.150375939849624,Male,Bottom
1,5,1,8.0,5.0,188.0,87.0,200.0,24.615210502489816,1.0638297872340425,1.0919540229885059,Male,Bottom
1,7,1,12.0,30.0,180.0,74.0,180.0,22.839506172839506,1.0,1.162162162162162,Male,Bottom
1,6,1,15.0,50.0,160.0,52.0,163.0,20.312499999999996,1.01875,1.2884615384615385,Male,Bottom
1,9,6,25.0,25.0,177.0,71.0,178.0,22.66270867247598,1.0056497175141244,1.352112676056338,Male,Top
1,8,6,22.0,35.0,180.0,63.0,177.0,19.444444444444443,0.9833333333333333,1.3492063492063493,Male,Top
1,9,1,18.0,42.0,183.0,77.5,193.0,23.14192719997611,1.0546448087431695,1.232258064516129,Male,Top
1,6,2,20.0,50.0,182.0,78.0,190.0,23.54788069073783,1.043956043956044,1.2564102564102564,Male,Bottom
1,7,6,12.0,25.0,178.0,79.0,172.0,24.933720489837143,0.9662921348314607,1.1518987341772151,Male,Bottom
1,2,0,8.0,12.0,190.0,87.0,194.0,24.099722991689752,1.0210526315789474,1.0919540229885059,Male,Bottom
1,6,6,15.0,20.0,185.0,86.0,188.0,25.127830533235937,1.0162162162162163,1.1744186046511629,Male,Bottom
1,2,0,19.0,50.0,176.0,70.0,180.0,22.59814049586777,1.0227272727272727,1.2714285714285714,Male,Bottom
1,7,2,10.0,10.0,185.0,68.0,188.0,19.86851716581446,1.0162162162162163,1.1470588235294117,Male,Bottom
1,7,1,14.0,30.0,183.0,84.0,190.5,25.082863029651524,1.040983606557377,1.1666666666666667,Male,Bottom
1,5,1,16.0,25.0,185.0,82.0,178.0,23.959094229364496,0.9621621621621622,1.1951219512195121,Male,Bottom
1,6,2,20.0,50.0,184.0,75.0,187.0,22.152646502835537,1.016304347826087,1.2666666666666666,Male,Bottom
1,9,4,25.0,45.0,180.0,73.4,183.0,22.654320987654323,1.0166666666666666,1.340599455040872,Male,Top
1,5,0,15.0,50.0,177.0,59.0,177.0,18.832391713747644,1.0,1.2542372881355932,Male,Bottom
1,10,5,18.0,21.0,180.0,70.3,187.0,21.697530864197528,1.038888888888889,1.256045519203414,Male,Top
1,3,2,10.0,50.0,182.0,72.5,182.0,21.887453206134523,1.0,1.1379310344827587,Male,Bottom
1,7,3,20.0,80.0,178.0,85.0,186.0,26.82742078020452,1.0449438202247192,1.2352941176470589,Male,Bottom
1,5,0,18.0,40.0,183.0,93.0,183.0,27.77031263997133,1.0,1.1935483870967742,Male,Bottom
1,9,3,50.0,50.0,176.0,58.0,179.0,18.72417355371901,1.0170454545454546,1.8620689655172413,Male,Top
1,5,2,20.0,75.0,171.0,74.0,180.0,25.3069320474676,1.0526315789473684,1.2702702702702702,Male,Bottom
1,6,6,10.0,20.0,175.0,50.0,110.0,16.3265306122449,0.6285714285714286,1.2,Male,Bottom
1,6,2,15.0,40.0,178.0,78.0,185.0,24.61810377477591,1.0393258426966292,1.1923076923076923,Male,Bottom
1,0,1,24.0,46.0,178.0,75.0,176.0,23.671253629592222,0.9887640449438202,1.32,Male,
1,9,6,20.0,50.0,165.0,63.0,169.0,23.140495867768596,1.0242424242424242,1.3174603174603174,Male,Top
1,9,6,25.0,50.0,178.0,75.0,180.0,23.671253629592222,1.0112359550561798,1.3333333333333333,Male,Top
0,2,0,5.0,24.0,153.0,45.5,155.0,19.43696868725704,1.0130718954248366,1.10989010989011,Female,Bottom
1,7,1,19.0,50.0,171.0,64.0,172.0,21.887076365377382,1.0058479532163742,1.296875,Male,Bottom
1,5,1,6.0,20.0,190.0,78.0,190.0,21.606648199445985,1.0,1.0769230769230769,Male,Bottom
0,2,0,2.0,30.0,163.0,57.0,150.0,21.453573713726524,0.9202453987730062,1.0350877192982457,Female,Bottom
1,5,0,74.0,100.0,188.0,73.0,199.0,20.654142145767317,1.0585106382978724,2.0136986301369864,Male,Bottom
1,8,6,20.0,36.0,178.0,73.0,178.0,23.04002019946976,1.0,1.273972602739726,Male,Top
1,8,1,16.0,55.0,180.0,74.0,191.0,22.839506172839506,1.0611111111111111,1.2162162162162162,Male,Top
1,7,3,15.0,25.0,186.0,76.0,180.0,21.967857555786793,0.967741935483871,1.1973684210526316,Male,Bottom
0,2,0,0.0,0.0,163.0,48.0,150.0,18.06616733787497,0.9202453987730062,1.0,Female,Bottom
1,8,2,14.0,70.0,180.0,70.0,183.0,21.604938271604937,1.0166666666666666,1.2,Male,Top
1,4,1,15.0,30.0,168.0,59.0,165.0,20.904195011337873,0.9821428571428571,1.2542372881355932,Male,Bottom
1,4,1,17.0,30.0,160.0,52.0,163.0,20.312499999999996,1.01875,1.3269230769230769,Male,Bottom
1,3,1,8.0,10.0,192.0,78.0,193.0,21.158854166666668,1.0052083333333333,1.1025641025641026,Male,Bottom
1,3,0,8.0,45.0,172.0,95.0,199.0,32.11195240670633,1.1569767441860466,1.0842105263157895,Male,Bottom
1,6,2,15.0,65.0,190.0,93.0,195.0,25.761772853185597,1.0263157894736843,1.1612903225806452,Male,Bottom
1,8,1,20.0,50.0,175.0,77.0,185.0,25.142857142857142,1.0571428571428572,1.2597402597402598,Male,Top
1,6,1,15.0,20.0,182.0,77.0,186.0,23.24598478444632,1.021978021978022,1.1948051948051948,Male,Bottom
1,9,4,25.0,25.0,175.0,62.6,170.0,20.440816326530612,0.9714285714285714,1.3993610223642172,Male,Top
1,4,1,14.0,20.0,190.0,76.0,190.0,21.05263157894737,1.0,1.1842105263157894,Male,Bottom
1,4,0,22.0,44.0,181.0,74.0,182.0,22.587833094227893,1.0055248618784531,1.2972972972972974,Male,Bottom
0,8,6,13.0,30.0,180.0,76.0,185.0,23.456790123456788,1.0277777777777777,1.1710526315789473,Female,Top
1,5,2,25.0,60.0,177.0,68.0,179.0,21.705129432793896,1.0112994350282485,1.3676470588235294,Male,Bottom
1,9,2,31.0,50.0,177.0,63.0,188.0,20.109164033323754,1.0621468926553672,1.492063492063492,Male,Top
1,0,6,12.0,25.0,184.0,75.0,189.0,22.152646502835537,1.0271739130434783,1.16,Male,
1,6,2,15.0,30.0,196.0,83.0,197.0,21.605581007913372,1.0051020408163265,1.180722891566265,Male,Bottom
1,3,1,5.0,14.0,180.0,70.0,175.0,21.604938271604937,0.9722222222222222,1.0714285714285714,Male,Bottom
1,6,2,35.0,50.0,178.0,72.5,182.0,22.88221184193915,1.0224719101123596,1.4827586206896552,Male,Bottom
0,5,1,5.0,5.0,159.38,51.7095,170.7,20.35648049606707,1.07102522273811,1.0966940310774616,Female,Bottom
1,1,4,10.0,12.0,179.0,87.0,186.0,27.15271058955713,1.0391061452513966,1.1149425287356323,Male,Bottom
1,5,1,10.0,15.0,166.0,53.0,160.0,19.233560749020178,0.963855421686747,1.1886792452830188,Male,Bottom
1,9,6,20.0,40.0,182.0,65.0,190.0,19.623233908948194,1.043956043956044,1.3076923076923077,Male,Top
1,5,2,15.0,30.0,168.0,65.0,190.0,23.030045351473927,1.130952380952381,1.2307692307692308,Male,Bottom
1,11,6,15.0,40.0,176.0,81.0,178.0,26.149276859504134,1.0113636363636365,1.1851851851851851,Male,Top
0,5,4,12.0,15.0,165.0,53.5,172.0,19.65105601469238,1.0424242424242425,1.2242990654205608,Female,Bottom
1,7,6,16.0,30.0,188.0,75.0,193.0,21.22000905387053,1.0265957446808511,1.2133333333333334,Male,Bottom
0,4,0,4.0,3.0,178.0,66.0,178.0,20.830703194041156,1.0,1.0606060606060606,Female,Bottom
1,4,2,15.0,40.0,185.0,72.5,185.0,21.18334550766983,1.0,1.206896551724138,Male,Bottom
1,5,6,15.0,35.0,183.0,69.0,176.0,20.603780345785182,0.9617486338797814,1.2173913043478262,Male,Bottom
1,9,6,20.0,20.0,184.0,68.0,179.0,20.085066162570886,0.9728260869565217,1.2941176470588236,Male,Top
1,8,3,20.0,50.0,180.0,79.0,183.0,24.382716049382715,1.0166666666666666,1.2531645569620253,Male,Top
1,6,2,12.0,100.0,178.0,65.0,178.0,20.515086478979924,1.0,1.1846153846153846,Male,Bottom
1,0,2,7.0,30.0,179.0,68.0,179.0,21.22280827689523,1.0,1.1029411764705883,Male,
1,11,6,20.0,40.0,177.0,73.0,183.0,23.301094832264035,1.0338983050847457,1.273972602739726,Male,Top
1,4,2,20.0,20.0,183.0,73.0,192.0,21.798202394816204,1.0491803278688525,1.273972602739726,Male,Bottom
1,5,2,15.0,0.0,173.0,67.0,173.0,22.386314277122523,1.0,1.2238805970149254,Male,Bottom
1,9,2,8.0,30.0,180.0,63.0,184.0,19.444444444444443,1.0222222222222221,1.126984126984127,Male,Top
1,6,5,14.0,30.0,188.0,77.0,188.0,21.785875961973744,1.0,1.1818181818181819,Male,Bottom
1,4,6,11.0,28.0,193.0,88.0,198.0,23.624795296518027,1.0259067357512954,1.125,Male,Bottom
0,3,0,8.0,30.0,170.0,55.0,170.0,19.031141868512112,1.0,1.1454545454545455,Female,Bottom
1,4,6,20.0,35.0,175.0,68.0,175.0,22.20408163265306,1.0,1.2941176470588236,Male,Bottom
1,5,1,15.0,25.0,179.0,74.0,179.0,23.095409007209515,1.0,1.2027027027027026,Male,Bottom
1,2,1,10.0,30.0,177.0,79.0,177.0,25.2162533116282,1.0,1.1265822784810127,Male,Bottom
1,11,4,25.0,50.0,189.0,74.0,192.0,20.71610537219003,1.0158730158730158,1.337837837837838,Male,Top
0,6,6,12.0,10.0,159.0,53.0,158.0,20.964360587002094,0.9937106918238994,1.2264150943396226,Female,Bottom
1,11,3,35.0,80.0,174.0,57.0,180.0,18.826793499801823,1.0344827586206897,1.6140350877192982,Male,Top
1,2,3,30.0,20.0,183.0,76.0,190.0,22.694018931589476,1.0382513661202186,1.394736842105263,Male,Bottom
1,9,2,15.0,30.0,180.0,68.0,181.0,20.98765432098765,1.0055555555555555,1.2205882352941178,Male,Top
1,6,0,23.0,35.0,184.0,76.0,192.0,22.448015122873343,1.0434782608695652,1.3026315789473684,Male,Bottom
1,6,2,20.0,50.0,189.0,80.0,188.0,22.395789591556788,0.9947089947089947,1.25,Male,Bottom
1,5,1,10.0,25.0,177.8,65.7,177.8,20.782694626613743,1.0,1.15220700152207,Male,Bottom
0,4,2,15.0,25.0,188.0,92.0,193.0,26.029877772747852,1.0265957446808511,1.1630434782608696,Female,Bottom
0,3,0,3.0,25.0,167.5,58.0,167.0,20.67275562486077,0.9970149253731343,1.0517241379310345,Female,Bottom
1,9,2,15.0,15.0,170.0,61.2,170.0,21.176470588235297,1.0,1.2450980392156863,Male,Top
1,10,4,100.0,100.0,190.5,68.7,193.4,18.930704528075722,1.0152230971128609,2.4556040756914115,Male,Top
0,2,1,10.0,50.0,170.0,54.0,169.0,18.68512110726644,0.9941176470588236,1.1851851851851851,Female,Bottom
1,0,2,18.0,35.0,177.0,66.0,183.0,21.06674327300584,1.0338983050847457,1.2727272727272727,Male,
1,6,1,17.0,30.0,168.0,63.0,171.0,22.321428571428577,1.0178571428571428,1.2698412698412698,Male,Bottom
1,8,2,25.0,30.0,181.0,72.0,184.0,21.97735111870822,1.0165745856353592,1.3472222222222223,Male,Top
1,4,1,20.0,50.0,172.0,70.0,180.0,23.661438615467823,1.0465116279069768,1.2857142857142858,Male,Bottom
1,8,2,15.0,20.0,186.0,74.0,190.0,21.389756041160826,1.021505376344086,1.2027027027027026,Male,Top
1,3,0,15.0,20.0,183.0,80.0,175.0,23.888440980620498,0.9562841530054644,1.1875,Male,Bottom
0,3,1,12.0,31.0,155.0,47.0,157.0,19.562955254942764,1.0129032258064516,1.2553191489361701,Female,Bottom
1,3,0,15.0,50.0,187.0,85.0,190.0,24.307243558580453,1.0160427807486632,1.1764705882352942,Male,Bottom
1,7,1,18.0,40.0,183.0,70.0,190.0,20.902385858042937,1.0382513661202186,1.2571428571428571,Male,Bottom
1,10,6,24.0,30.0,178.0,63.0,185.0,19.883853048857468,1.0393258426966292,1.380952380952381,Male,Top
1,9,2,22.0,60.0,172.0,61.0,174.0,20.61925365062196,1.0116279069767442,1.360655737704918,Male,Top
1,5,1,15.0,40.0,178.0,73.4,190.0,23.166266885494256,1.0674157303370786,1.2043596730245232,Male,Bottom
1,5,4,15.0,20.0,175.0,68.0,175.0,22.20408163265306,1.0,1.2205882352941178,Male,Bottom
1,6,2,15.0,25.0,190.5,78.0,190.5,21.493376320085975,1.0,1.1923076923076923,Male,Bottom
1,8,1,25.0,30.0,187.96,77.1,195.58,21.82345489599671,1.0405405405405406,1.324254215304799,Male,Top
1,5,0,17.0,70.0,178.0,79.0,181.0,24.933720489837143,1.0168539325842696,1.2151898734177216,Male,Bottom
0,6,3,15.0,30.0,170.0,51.0,168.0,17.647058823529413,0.9882352941176471,1.2941176470588236,Female,Bottom
1,12,6,10.0,30.0,165.0,68.0,178.0,24.977043158861342,1.0787878787878789,1.1470588235294117,Male,Top
1,4,0,15.0,20.0,177.0,71.0,177.0,22.66270867247598,1.0,1.2112676056338028,Male,Bottom
1,6,1,15.0,40.0,183.0,80.0,183.0,23.888440980620498,1.0,1.1875,Male,Bottom
0,2,1,3.0,10.0,178.0,61.0,170.0,19.252619618735007,0.9550561797752809,1.0491803278688525,Female,Bottom
1,0,0,18.0,40.0,175.0,72.0,182.0,23.510204081632654,1.04,1.25,Male,
1,6,0,12.0,20.0,168.0,59.0,168.0,20.904195011337873,1.0,1.2033898305084745,Male,Bottom
1,6,3,18.0,18.0,187.96,77.5643,192.0,21.954876816985188,1.0214939348797616,1.232065524990234,Male,Bottom
1,9,3,30.0,50.0,185.0,66.0,188.0,19.284149013878743,1.0162162162162163,1.4545454545454546,Male,Top
1,3,2,4.0,20.0,184.0,59.0,190.0,17.426748582230623,1.0326086956521738,1.0677966101694916,Male,Bottom
1,4,0,18.0,50.0,178.0,81.6,178.0,25.754323948996337,1.0,1.2205882352941178,Male,Bottom
1,7,3,20.0,20.0,178.0,66.0,180.0,20.830703194041156,1.0112359550561798,1.303030303030303,Male,Bottom
1,3,0,28.0,95.0,169.0,79.0,162.0,27.660095935016283,0.9585798816568047,1.3544303797468353,Male,Bottom
1,6,1,20.0,35.0,185.0,70.3,196.0,20.540540540540537,1.0594594594594595,1.2844950213371267,Male,Bottom
1,3,0,18.0,70.0,179.0,73.0,181.0,22.783308885490467,1.011173184357542,1.2465753424657535,Male,Bottom
1,7,1,25.0,100.0,180.0,72.5,160.0,22.37654320987654,0.8888888888888888,1.3448275862068966,Male,Bottom
1,6,2,13.0,40.0,183.0,86.0,188.0,25.680074054167036,1.0273224043715847,1.1511627906976745,Male,Bottom
1,1,1,8.0,10.0,170.0,85.0,168.0,29.411764705882355,0.9882352941176471,1.0941176470588236,Male,Bottom
1,8,2,19.0,50.0,183.0,79.0,181.0,23.589835468362743,0.9890710382513661,1.240506329113924,Male,Top
1,7,2,20.0,60.0,182.9,80.0,180.0,23.914569981654537,0.9841443411700382,1.25,Male,Bottom
1,4,1,8.0,25.0,180.0,92.0,190.0,28.39506172839506,1.0555555555555556,1.0869565217391304,Male,Bottom
1,8,3,25.0,30.0,180.0,70.0,183.0,21.604938271604937,1.0166666666666666,1.3571428571428572,Male,Top
0,2,0,4.0,25.0,169.0,57.0,170.0,19.95728440880922,1.0059171597633136,1.0701754385964912,Female,Bottom
1,2,0,12.0,45.0,194.0,80.0,196.0,21.25624402168137,1.0103092783505154,1.15,Male,Bottom
1,7,4,12.0,15.0,186.0,78.0,190.0,22.54595907041276,1.021505376344086,1.1538461538461537,Male,Bottom
1,2,0,20.0,35.0,171.0,65.0,168.0,22.229061933586404,0.9824561403508771,1.3076923076923077,Male,Bottom
1,7,0,35.0,14.0,172.0,61.0,180.0,20.61925365062196,1.0465116279069768,1.5737704918032787,Male,Bottom
1,8,3,20.0,33.0,183.0,79.0,191.0,23.589835468362743,1.0437158469945356,1.2531645569620253,Male,Top
1,4,0,12.0,35.0,162.0,56.0,162.0,21.338210638622158,1.0,1.2142857142857142,Male,Bottom
1,13,4,80.0,50.0,182.0,83.0,196.0,25.057360222195385,1.0769230769230769,1.963855421686747,Male,Top
0,5,0,9.0,10.0,178.0,64.0,179.0,20.199469763918696,1.0056179775280898,1.140625,Female,Bottom
1,9,2,30.0,40.0,177.0,64.0,192.0,20.428357113217785,1.0847457627118644,1.46875,Male,Top
0,8,2,12.0,40.0,162.5,61.0,168.0,23.100591715976332,1.0338461538461539,1.1967213114754098,Female,Top
1,9,4,25.0,69.0,177.0,74.0,183.0,23.620287912158062,1.0338983050847457,1.337837837837838,Male,Top
1,9,6,30.0,30.0,180.0,78.0,181.0,24.074074074074073,1.0055555555555555,1.3846153846153846,Male,Top
1,5,1,10.0,30.0,180.0,82.0,180.0,25.30864197530864,1.0,1.1219512195121952,Male,Bottom
1,4,1,12.0,45.0,174.0,75.0,178.0,24.772096710265558,1.0229885057471264,1.16,Male,Bottom
1,10,4,28.0,35.0,180.0,70.0,183.0,21.604938271604937,1.0166666666666666,1.4,Male,Top
1,11,6,37.0,80.0,173.0,64.0,186.0,21.383941996057334,1.0751445086705202,1.578125,Male,Top
1,4,1,20.0,40.0,162.0,53.0,161.0,20.195092211553114,0.9938271604938271,1.3773584905660377,Male,Bottom
1,4,1,20.0,45.0,185.0,100.0,187.0,29.218407596785973,1.0108108108108107,1.2,Male,Bottom
1,6,1,6.0,15.0,185.0,65.0,183.0,18.991964937910883,0.9891891891891892,1.0923076923076922,Male,Bottom
1,4,1,15.0,50.0,170.0,68.0,190.0,23.529411764705884,1.1176470588235294,1.2205882352941178,Male,Bottom
1,6,0,17.0,40.0,175.26,70.3,174.0,22.887044303809255,0.9928106812735366,1.2418207681365576,Male,Bottom
0,10,4,12.0,20.0,167.0,70.0,165.0,25.099501595611173,0.9880239520958084,1.1714285714285715,Female,Top
0,5,6,5.0,20.0,162.56,56.699,162.56,21.455963322082894,1.0,1.088184976807351,Female,Bottom
1,7,2,30.0,30.0,175.0,63.5,185.0,20.73469387755102,1.0571428571428572,1.4724409448818898,Male,Bottom
1,5,2,16.0,35.0,178.0,66.0,188.0,20.830703194041156,1.0561797752808988,1.2424242424242424,Male,Bottom
0,1,0,0.0,25.0,167.0,73.0,176.0,26.175194521137367,1.0538922155688624,1.0,Female,Bottom
1,5,1,18.0,40.0,183.0,67.0,176.0,20.00656932126967,0.9617486338797814,1.2686567164179106,Male,Bottom
1,5,1,15.0,30.0,186.0,70.0,190.0,20.23355301190889,1.021505376344086,1.2142857142857142,Male,Bottom
1,5,0,10.0,30.0,174.0,60.0,179.0,19.817677368212443,1.028735632183908,1.1666666666666667,Male,Bottom
1,7,2,22.0,50.0,179.0,66.22,179.0,20.667270060235325,1.0,1.3322259136212624,Male,Bottom
0,3,2,3.0,10.0,165.0,53.0,164.0,19.467401285583104,0.9939393939393939,1.0566037735849056,Female,Bottom
1,4,1,10.0,30.0,180.0,86.0,180.0,26.54320987654321,1.0,1.1162790697674418,Male,Bottom
1,3,1,13.0,50.0,184.0,87.0,185.0,25.697069943289225,1.0054347826086956,1.1494252873563218,Male,Bottom
1,3,1,12.0,50.0,188.0,65.0,190.0,18.390674513354462,1.0106382978723405,1.1846153846153846,Male,Bottom
1,5,1,22.0,50.0,180.0,76.0,187.0,23.456790123456788,1.038888888888889,1.2894736842105263,Male,Bottom
1,7,2,20.0,27.0,180.0,72.0,180.0,22.22222222222222,1.0,1.2777777777777777,Male,Bottom
1,6,1,25.0,20.0,167.0,62.5,172.0,22.410269281795692,1.029940119760479,1.4,Male,Bottom
1,8,2,13.0,4.0,177.8,58.967,185.928,18.652863836339915,1.0457142857142856,1.220462292468669,Male,Top
1,4,2,11.0,25.0,180.0,59.0,185.0,18.209876543209877,1.0277777777777777,1.1864406779661016,Male,Bottom
1,3,1,15.0,30.0,178.0,72.0,177.0,22.724403484408533,0.9943820224719101,1.2083333333333333,Male,Bottom
1,5,1,15.0,25.0,175.0,77.0,179.0,25.142857142857142,1.022857142857143,1.1948051948051948,Male,Bottom
1,3,0,9.0,50.0,188.0,82.0,186.0,23.20054323223178,0.9893617021276596,1.1097560975609757,Male,Bottom
0,4,2,6.0,15.0,171.0,68.0,167.0,23.25501863821347,0.9766081871345029,1.088235294117647,Female,Bottom
1,8,6,15.0,30.0,186.0,80.0,188.0,23.12406058503873,1.010752688172043,1.1875,Male,Top
1,7,4,12.0,25.0,185.0,78.0,185.0,22.79035792549306,1.0,1.1538461538461537,Male,Bottom
1,7,5,14.0,25.0,180.0,72.5,185.0,22.37654320987654,1.0277777777777777,1.193103448275862,Male,Bottom
1,7,2,15.0,30.0,175.0,65.5,177.0,21.387755102040817,1.0114285714285713,1.2290076335877862,Male,Bottom
1,9,1,55.0,118.0,183.0,73.0,188.0,21.798202394816204,1.0273224043715847,1.7534246575342465,Male,Top
1,3,0,15.0,16.0,179.0,63.0,181.0,19.66230766829999,1.011173184357542,1.2380952380952381,Male,Bottom
1,3,0,15.0,16.0,179.0,63.0,181.0,19.66230766829999,1.011173184357542,1.2380952380952381,Male,Bottom
1,5,3,13.0,50.0,184.0,78.0,173.0,23.03875236294896,0.9402173913043478,1.1666666666666667,Male,Bottom
1,2,0,12.0,50.0,188.0,78.0,193.0,22.068809416025353,1.0265957446808511,1.1538461538461537,Male,Bottom
1,4,0,30.0,30.0,170.0,65.0,173.0,22.49134948096886,1.0176470588235293,1.4615384615384615,Male,Bottom
1,4,0,30.0,75.0,168.5,76.0,178.0,26.767867992145742,1.056379821958457,1.394736842105263,Male,Bottom
1,5,1,18.0,55.0,173.0,70.0,174.0,23.38868655818771,1.0057803468208093,1.2571428571428571,Male,Bottom
1,3,3,12.0,20.0,173.0,76.0,168.0,25.393431120318084,0.9710982658959537,1.1578947368421053,Male,Bottom
1,6,1,20.0,30.0,190.5,70.3,190.0,19.371594298744153,0.9973753280839895,1.2844950213371267,Male,Bottom
1,5,0,18.0,30.0,170.0,73.66,168.0,25.4878892733564,0.9882352941176471,1.2443660059733912,Male,Bottom
0,4,1,12.0,15.0,176.0,56.0,169.0,18.078512396694215,0.9602272727272727,1.2142857142857142,Female,Bottom
1,5,0,15.0,75.0,183.0,70.0,184.0,20.902385858042937,1.005464480874317,1.2142857142857142,Male,Bottom
0,5,0,15.0,30.0,170.0,56.0,171.0,19.377162629757787,1.0058823529411764,1.2678571428571428,Female,Bottom
1,9,3,33.0,52.0,175.0,65.0,174.0,21.224489795918366,0.9942857142857143,1.5076923076923077,Male,Top
1,8,3,24.0,50.0,165.0,68.0,175.0,24.977043158861342,1.0606060606060606,1.3529411764705883,Male,Top
1,3,0,7.0,25.0,188.0,77.0,191.0,21.785875961973744,1.0159574468085106,1.0909090909090908,Male,Bottom
1,4,0,7.0,17.0,155.0,69.0,178.0,28.720083246618103,1.1483870967741936,1.1014492753623188,Male,Bottom
1,4,1,19.0,50.0,181.0,75.0,190.0,22.89307408198773,1.0497237569060773,1.2533333333333334,Male,Bottom
1,4,0,12.0,33.0,178.0,65.0,180.0,20.515086478979924,1.0112359550561798,1.1846153846153846,Male,Bottom
1,6,6,15.0,35.0,185.0,74.0,185.0,21.62162162162162,1.0,1.2027027027027026,Male,Bottom
1,6,1,17.0,27.0,185.0,75.0,187.0,21.913805697589478,1.0108108108108107,1.2266666666666666,Male,Bottom
1,7,1,20.0,50.0,175.0,72.0,177.0,23.510204081632654,1.0114285714285713,1.2777777777777777,Male,Bottom
1,7,1,10.0,10.0,178.0,76.0,175.0,23.98687034465345,0.9831460674157303,1.131578947368421,Male,Bottom
1,5,1,15.0,25.0,175.0,63.0,176.0,20.571428571428573,1.0057142857142858,1.2380952380952381,Male,Bottom
1,5,1,10.0,30.0,164.0,65.0,168.0,24.167162403331353,1.024390243902439,1.1538461538461537,Male,Bottom
1,4,1,12.0,20.0,180.0,63.5,175.0,19.598765432098766,0.9722222222222222,1.188976377952756,Male,Bottom
1,10,2,30.0,40.0,180.0,70.0,180.0,21.604938271604937,1.0,1.4285714285714286,Male,Top
1,4,0,13.0,25.0,173.0,67.0,176.0,22.386314277122523,1.0173410404624277,1.1940298507462686,Male,Bottom
1,6,4,18.0,20.0,180.0,72.0,185.0,22.22222222222222,1.0277777777777777,1.25,Male,Bottom
1,4,0,15.0,35.0,170.0,70.0,170.0,24.221453287197235,1.0,1.2142857142857142,Male,Bottom
1,0,0,25.0,35.0,170.0,66.0,170.0,22.837370242214536,1.0,1.378787878787879,Male,
1,6,1,15.0,43.0,188.0,80.0,191.0,22.634676324128566,1.0159574468085106,1.1875,Male,Bottom
1,4,0,5.0,20.0,167.64,60.328,169.0,21.46661777253766,1.0081126222858507,1.0828802546081422,Male,Bottom
1,5,0,13.0,30.0,178.0,77.0,178.0,24.302487059714682,1.0,1.1688311688311688,Male,Bottom
1,4,0,15.0,50.0,183.0,68.3,186.0,20.39475648720475,1.0163934426229508,1.219619326500732,Male,Bottom
1,9,2,18.0,20.0,173.0,60.0,175.0,20.04744562130375,1.0115606936416186,1.3,Male,Top
0,4,6,1.0,15.0,169.0,65.0,168.0,22.758306781975424,0.9940828402366864,1.0153846153846153,Female,Bottom
1,10,1,23.0,35.0,175.0,57.0,175.0,18.612244897959183,1.0,1.4035087719298245,Male,Top
1,7,4,25.0,30.0,178.0,60.0,178.0,18.93700290367378,1.0,1.4166666666666667,Male,Bottom
1,7,3,20.0,25.0,180.0,73.0,183.0,22.530864197530864,1.0166666666666666,1.273972602739726,Male,Bottom
1,4,0,15.0,50.0,185.0,82.0,188.0,23.959094229364496,1.0162162162162163,1.1829268292682926,Male,Bottom
1,4,1,9.0,20.0,179.0,82.0,182.0,25.592209980961893,1.0167597765363128,1.1097560975609757,Male,Bottom
1,4,0,14.0,35.0,185.3,87.0,188.0,25.337771423595402,1.0145709660010793,1.160919540229885,Male,Bottom
1,4,0,12.0,20.0,178.0,68.0,178.0,21.461936624163616,1.0,1.1764705882352942,Male,Bottom
1,6,3,25.0,30.0,182.0,70.0,190.5,21.132713440405748,1.0467032967032968,1.3571428571428572,Male,Bottom
1,3,1,6.0,10.0,170.0,68.0,170.0,23.529411764705884,1.0,1.088235294117647,Male,Bottom
1,5,0,15.0,20.0,192.0,75.0,198.0,20.345052083333332,1.03125,1.2,Male,Bottom
0,7,2,20.0,30.0,160.0,45.0,161.0,17.578124999999996,1.00625,1.4444444444444444,Female,Bottom
1,11,6,30.0,70.0,178.0,70.0,187.0,22.093170054286073,1.050561797752809,1.4285714285714286,Male,Top
0,4,6,0.0,0.0,172.0,62.0,175.0,20.9572742022715,1.0174418604651163,1.0,Female,Bottom
1,4,0,9.0,50.0,173.0,73.0,182.0,24.3910588392529,1.0520231213872833,1.1232876712328768,Male,Bottom
1,3,0,17.0,43.0,172.72,55.0,177.8,18.436455558032222,1.0294117647058825,1.309090909090909,Male,Bottom
1,5,1,30.0,150.0,110.0,60.0,110.0,49.58677685950413,1.0,1.5,Male,Bottom
1,5,1,15.0,25.0,180.0,68.0,182.0,20.98765432098765,1.011111111111111,1.2205882352941178,Male,Bottom
1,8,2,27.0,120.0,182.0,76.0,200.0,22.944088878154812,1.098901098901099,1.355263157894737,Male,Top
1,8,5,15.0,25.0,186.0,74.0,191.0,21.389756041160826,1.0268817204301075,1.2027027027027026,Male,Top
1,1,2,5.0,10.0,187.0,80.0,182.0,22.877405702193368,0.9732620320855615,1.0625,Male,Bottom
0,7,6,15.0,12.0,165.0,52.0,172.0,19.100091827364558,1.0424242424242425,1.2884615384615385,Female,Bottom
1,4,0,18.0,30.0,182.0,78.0,193.0,23.54788069073783,1.0604395604395604,1.2307692307692308,Male,Bottom
1,7,4,15.0,20.0,190.0,77.0,200.0,21.329639889196677,1.0526315789473684,1.1948051948051948,Male,Bottom
1,6,1,20.0,40.0,182.0,78.0,188.0,23.54788069073783,1.032967032967033,1.2564102564102564,Male,Bottom
1,6,1,12.0,10.0,182.0,84.0,193.0,25.359256128486894,1.0604395604395604,1.1428571428571428,Male,Bottom
1,7,2,23.0,85.0,185.0,77.0,189.0,22.498173849525198,1.0216216216216216,1.2987012987012987,Male,Bottom
1,10,2,22.0,40.0,174.0,59.0,177.0,19.487382745408905,1.0172413793103448,1.3728813559322033,Male,Top
1,4,1,10.0,20.0,180.0,71.0,180.0,21.91358024691358,1.0,1.1408450704225352,Male,Bottom
1,1,1,15.0,15.0,177.0,78.0,180.0,24.897060231734173,1.0169491525423728,1.1923076923076923,Male,Bottom
0,2,1,1.0,20.0,158.75,58.96,155.0,23.39537479074958,0.9763779527559056,1.0169606512890095,Female,Bottom
1,5,6,70.0,30.0,172.0,65.0,182.0,21.971335857220122,1.058139534883721,2.076923076923077,Male,Bottom
1,6,6,25.0,45.0,176.0,76.0,177.0,24.535123966942148,1.0056818181818181,1.3289473684210527,Male,Bottom
1,3,1,13.0,30.0,181.0,68.0,181.0,20.756387167668876,1.0,1.1911764705882353,Male,Bottom
1,10,4,10.0,30.0,165.0,63.0,165.0,23.140495867768596,1.0,1.1587301587301588,Male,Top
1,8,4,15.0,25.0,172.0,53.0,172.0,17.915089237425637,1.0,1.2830188679245282,Male,Top
1,3,1,20.0,30.0,180.0,63.5,181.0,19.598765432098766,1.0055555555555555,1.31496062992126,Male,Bottom
1,8,1,30.0,55.0,201.1,89.0,186.0,22.0072544812581,0.9249129786176032,1.3370786516853932,Male,Top
1,8,6,17.0,30.0,186.0,67.0,191.0,19.366400739969936,1.0268817204301075,1.2537313432835822,Male,Top
1,7,3,21.0,20.0,187.0,63.0,190.0,18.015956990477278,1.0160427807486632,1.3333333333333333,Male,Bottom
1,11,4,25.0,30.0,173.0,68.0,173.0,22.720438370810918,1.0,1.3676470588235294,Male,Top
1,8,6,12.0,20.0,181.0,75.0,180.0,22.89307408198773,0.994475138121547,1.16,Male,Top
1,4,4,25.0,40.0,175.0,65.0,175.0,21.224489795918366,1.0,1.3846153846153846,Male,Bottom
0,1,6,2.0,6.0,165.1,68.492392,165.1,25.12743666907452,1.0,1.0292003234461427,Female,Bottom
0,5,4,15.0,30.0,162.56,56.699,162.56,21.455963322082894,1.0,1.2645549304220534,Female,Bottom
1,8,6,18.0,70.0,177.8,70.30676,187.96,22.239937949263652,1.0571428571428572,1.2560209004084386,Male,Top
1,7,6,15.0,35.0,172.72,74.84268,182.88,25.087886248436856,1.0588235294117647,1.200420401834889,Male,Bottom
0,7,4,5.0,7.0,172.72,64.410064,177.8,21.590786953200205,1.0294117647058825,1.0776276204290063,Female,Bottom
0,6,5,8.0,7.0,186.69,64.863656,193.04,18.61055446855213,1.034013605442177,1.1233356318983931,Female,Bottom
0,7,5,12.0,22.0,175.26,63.50288,177.8,20.674156870262912,1.0144927536231885,1.188967807444324,Female,Bottom
1,11,5,18.0,22.0,181.61,74.84268,189.23,22.69184527610583,1.0419580419580419,1.2405044822018667,Male,Top
0,7,6,13.0,16.0,165.1,52.16308,164.465,19.13678951618258,0.9961538461538462,1.2492184127164272,Female,Bottom
0,3,5,0.0,0.0,170.18,61.688512,162.56,21.300375325188163,0.9552238805970149,1.0,Female,Bottom
1,7,3,14.0,26.0,172.72,68.0388,172.72,22.807169316760774,1.0,1.2057649458838193,Male,Bottom
0,7,6,14.0,35.0,165.1,58.059776,172.72,21.300078765838002,1.0461538461538462,1.2411307959576006,Female,Bottom
1,4,4,16.0,27.0,185.42,76.657048,185.42,22.29661513179285,1.0,1.2087218385972807,Male,Bottom
1,5,3,19.0,29.0,185.42,71.667536,185.42,20.845356158717575,1.0,1.2651130631866567,Male,Bottom
1,9,6,13.0,17.0,175.26,67.131616,182.88,21.85553726284936,1.0434782608695652,1.1936494423134398,Male,Top
1,6,4,13.0,30.0,177.8,74.84268,185.42,23.67477265566776,1.0428571428571427,1.173697681590237,Male,Bottom
1,7,6,14.0,36.0,179.07,70.760352,179.07,22.067051950612125,1.0,1.1978509095036725,Male,Bottom
1,5,4,9.0,19.0,182.88,81.64656,185.42,24.41211826868098,1.0138888888888888,1.110231221009189,Male,Bottom
1,7,3,15.0,19.0,167.64,61.688512,170.18,21.950731137458604,1.0151515151515154,1.2431571051673285,Male,Bottom
0,3,1,3.0,10.0,160.02,58.059776,165.1,22.673931162929094,1.0317460317460316,1.0516708848480574,Female,Bottom
1,7,5,6.0,21.0,180.34,88.45044,190.5,27.196678475880258,1.056338028169014,1.0678345975441161,Male,Bottom
1,4,3,12.0,21.0,177.8,74.84268,165.1,23.67477265566776,0.9285714285714285,1.160336321467911,Male,Bottom
1,14,6,16.0,35.0,177.8,70.30676,185.42,22.239937949263652,1.0428571428571427,1.22757413369639,Male,Top
0,9,6,12.0,22.0,157.48,54.43104,157.48,21.948043896087793,1.0,1.2204624420183776,Female,Top
0,1,4,8.0,15.0,160.02,56.699,157.48,22.142510901297943,0.984126984126984,1.1410959628917619,Female,Bottom
1,9,5,15.0,20.0,170.18,61.23492,177.8,21.14375491838531,1.0447761194029852,1.2449582689093086,Male,Top
1,6,6,12.0,25.0,156.21,70.30676,192.024,28.8123989560161,1.2292682926829268,1.1706806002722925,Male,Bottom
0,9,4,14.0,26.0,157.48,49.89512,154.94,20.119040238080476,0.9838709677419355,1.2805885625688445,Female,Top
1,6,6,11.0,33.0,175.26,72.57472,182.88,23.627607851729042,1.0434782608695652,1.1515679288876346,Male,Bottom
1,8,3,16.0,30.0,172.72,69.399576,170.18,23.26331270309599,0.9852941176470589,1.2305489589734668,Male,Top
0,0,5,4.0,10.0,167.64,57.606184,162.56,20.498109223950312,0.9696969696969698,1.0694369896120874,Female,
0,7,4,9.0,18.0,165.1,59.420552,157.48,21.799299361912333,0.9538461538461538,1.1514627464248397,Female,Bottom
1,5,3,11.0,12.0,187.96,70.30676,190.5,19.90060189031992,1.0135135135135134,1.1564572169162681,Male,Bottom
1,5,6,22.0,37.0,180.34,76.203456,180.34,23.43098453306607,1.0,1.288700816928828,Male,Bottom
1,8,6,15.0,21.0,187.96,82.100152,194.31,23.238767368696166,1.0337837837837838,1.1827036812307,Male,Top
1,8,3,14.0,30.0,177.8,74.84268,185.42,23.67477265566776,1.0428571428571427,1.187059041712563,Male,Top
1,0,5,15.0,31.0,175.26,69.853168,175.26,22.741572557289203,1.0,1.214736144823095,Male,
1,8,6,15.0,24.0,170.18,65.77084,177.8,22.709958986413852,1.0447761194029852,1.2280645951914253,Male,Top
1,11,5,19.0,33.0,182.88,76.203456,187.96,22.784643717435586,1.027777777777778,1.2493325237112605,Male,Top
0,4,4,10.0,30.0,157.48,54.43104,157.48,21.948043896087793,1.0,1.1837187016819812,Female,Bottom
0,7,6,12.0,18.0,165.1,54.43104,162.56,19.96882384297313,0.9846153846153847,1.2204624420183776,Female,Bottom
0,0,5,2.0,9.0,187.96,72.57472,190.5,20.542556790007662,1.0135135135135134,1.0275578052522971,Female,
1,8,3,10.0,22.0,162.56,58.96696,162.56,22.31420185496621,1.0,1.1695864938602907,Male,Top
1,0,4,10.0,19.0,182.88,83.91452,185.42,25.09023266503323,1.0138888888888888,1.1191688875775014,Male,
1,9,5,15.0,26.0,182.88,72.57472,182.88,21.699660683271983,1.0,1.206683539392229,Male,Top
0,5,3,0.0,0.0,170.18,63.50288,162.56,21.92685695239958,0.9552238805970149,1.0,Female,Bottom
1,11,4,20.0,20.0,170.18,50.802304,177.8,17.541485561919664,1.0447761194029852,1.3936829321756745,Male,Top
0,4,2,4.0,4.0,160.02,48.987936,160.02,19.13112941872142,1.0,1.0816527563031029,Female,Bottom
1,3,3,9.0,22.0,172.72,72.57472,175.26,24.327647271211493,1.0147058823529411,1.1240101236353375,Male,Bottom
1,9,6,14.0,22.0,165.1,61.23492,170.18,22.464926823344772,1.0307692307692309,1.228627717648688,Male,Top
1,4,2,13.0,22.0,172.72,71.667536,182.88,24.02355168032135,1.0588235294117647,1.1813931484961335,Male,Bottom
0,4,0,16.0,39.0,157.48,53.977448,160.02,21.765143530287062,1.0161290322580647,1.2964200901087433,Female,Bottom
1,11,6,21.0,36.0,180.34,68.945984,193.04,21.199462196583585,1.0704225352112675,1.3045862685780218,Male,Top
1,7,3,14.0,34.0,177.8,74.84268,182.88,23.67477265566776,1.0285714285714285,1.187059041712563,Male,Bottom
1,11,6,22.0,30.0,175.26,67.585208,177.8,22.00320981192267,1.0144927536231885,1.325515015060692,Male,Top
1,0,5,27.0,50.0,179.07,83.007336,186.69,25.886349403602683,1.0425531914893618,1.3252724554369508,Male,
1,4,2,20.0,45.0,177.8,74.389088,182.88,23.531289185027347,1.0285714285714285,1.2688566366077778,Male,Bottom
1,5,3,14.0,29.0,175.26,70.760352,180.34,23.036917655435815,1.028985507246377,1.1978509095036725,Male,Bottom
1,7,6,15.0,30.0,172.72,73.935496,182.88,24.78379065754671,1.0588235294117647,1.2028795478696728,Male,Bottom
1,5,6,12.0,26.0,172.72,67.131616,177.8,22.50307372587063,1.0294117647058825,1.1787533313662522,Male,Bottom
1,5,6,16.0,28.0,172.72,62.142104,172.72,20.830547975974845,1.0,1.2574743848389813,Male,Bottom
1,1,2,14.0,30.0,175.26,70.30676,182.88,22.88924510636251,1.0434782608695652,1.1991273669843412,Male,Bottom
0,6,6,11.0,19.0,165.1,62.595696,160.02,22.964147419419096,0.9692307692307693,1.1757309320436347,Female,Bottom
1,0,3,22.0,28.0,185.42,70.760352,186.69,20.581490890885707,1.0068493150684932,1.3109085720771994,Male,
0,8,4,15.0,30.0,157.48,51.255896,154.94,20.66774133548267,0.9838709677419355,1.2926492593164307,Female,Top
1,0,6,27.0,75.0,172.72,74.84268,170.18,25.087886248436856,0.9852941176470589,1.3607567233028,Male,
0,3,2,2.0,30.0,157.48,58.96696,157.48,23.77704755409511,1.0,1.0339172987720582,Female,Bottom
0,7,4,8.0,8.0,173.99,65.77084,175.26,21.72625198785482,1.0072992700729926,1.1216344507687601,Female,Bottom
1,7,6,18.0,31.0,170.18,65.317248,175.26,22.553338579610998,1.0298507462686566,1.275578052522972,Male,Bottom
1,4,2,11.0,15.0,187.96,65.77084,193.04,18.616692090944444,1.027027027027027,1.1672473698070451,Male,Bottom
0,6,3,6.0,7.0,154.94,52.16308,152.4,21.728819055595654,0.9836065573770493,1.115023882792197,Female,Bottom
1,9,3,22.0,34.0,170.18,65.77084,170.18,22.709958986413852,1.0,1.3344947396140903,Male,Top
0,5,5,6.0,20.0,187.96,72.57472,190.5,20.542556790007662,1.0135135135135134,1.0826734157568916,Female,Bottom
0,4,6,7.0,15.0,160.02,56.699,162.56,22.142510901297943,1.0158730158730158,1.1234589675302915,Female,Bottom
1,6,6,28.0,43.0,175.26,69.399576,177.8,22.593900008215893,1.0144927536231885,1.4034606782035672,Male,Bottom
1,9,5,21.0,53.0,167.64,64.410064,172.72,22.91914574646413,1.0303030303030303,1.3260360058018261,Male,Top
0,0,6,2.0,10.0,175.26,66.224432,172.72,21.560192164702748,0.9855072463768116,1.0302003345230655,Female,
1,6,3,10.0,25.0,182.88,88.45044,190.5,26.44646145773773,1.0416666666666667,1.1130576625735271,Male,Bottom
1,9,6,22.0,37.0,175.26,73.481904,177.8,23.922952949875654,1.0144927536231885,1.2993934397780438,Male,Top
0,4,3,11.0,18.0,170.18,67.585208,180.34,23.336440613625264,1.0597014925373134,1.162757507530346,Female,Bottom
0,1,1,3.0,8.0,160.02,53.977448,165.1,21.079670378035644,1.0317460317460316,1.0555787668953893,Female,Bottom
1,3,3,9.0,17.0,175.26,72.57472,185.42,23.627607851729042,1.0579710144927537,1.1240101236353375,Male,Bottom
0,4,6,8.0,25.0,170.18,63.50288,172.72,21.92685695239958,1.0149253731343284,1.125978538296216,Female,Bottom
0,0,5,3.0,8.0,175.26,68.0388,182.88,22.150882360995976,1.0434782608695652,1.0440924884036755,Female,
1,12,6,16.0,15.0,180.34,71.667536,190.5,22.036283072764515,1.056338028169014,1.2232531058413951,Male,Top
1,0,1,13.0,19.0,176.53,71.213944,177.8,22.85219894698368,1.0071942446043165,1.1825485188687204,Male,
1,7,3,13.0,30.0,184.15,79.3786,191.77,23.407767148471276,1.0413793103448277,1.1637720997850807,Male,Bottom
0,4,4,13.0,30.0,172.72,64.863656,172.72,21.742834748645276,1.0,1.2004204018348887,Female,Bottom
0,0,3,13.0,23.0,162.56,55.791816,165.1,21.112667908929566,1.015625,1.2330090850600741,Female,
1,5,5,18.0,39.0,175.26,71.213944,173.99,23.18459020450912,0.9927536231884059,1.2527594876643822,Male,Bottom
1,7,4,17.0,45.0,177.038,59.874144,177.8,19.103209041046505,1.0043041606886658,1.2839289025994258,Male,Bottom
1,7,3,11.0,26.0,177.8,74.84268,187.96,23.67477265566776,1.0571428571428572,1.146974961345585,Male,Bottom
1,8,4,22.0,40.0,175.006,61.23492,175.006,19.993704897957254,1.0,1.3592721277336526,Male,Top
1,10,6,15.0,27.0,180.34,65.77084,180.34,20.223171174372503,1.0,1.2280645951914253,Male,Top
1,6,6,17.0,36.0,180.34,73.481904,180.34,22.594163656885137,1.0,1.2313494761921249,Male,Bottom
0,0,6,5.0,29.0,177.8,73.935496,172.72,23.38780571438694,0.9714285714285713,1.0676265159565577,Female,
0,6,2,15.0,33.0,154.94,45.3592,160.02,18.89462526573535,1.0327868852459017,1.3306936630275665,Female,Bottom
1,5,2,15.0,31.0,182.88,79.3786,187.96,23.734003872328735,1.027777777777778,1.1889678074443237,Male,Bottom
1,0,4,17.0,26.0,172.72,69.399576,177.8,23.26331270309599,1.0294117647058825,1.2449582689093086,Male,
1,9,5,16.0,31.0,179.07,79.3786,193.04,24.754705713827708,1.0780141843971631,1.2015656612739454,Male,Top
1,6,6,8.0,12.0,177.8,81.64656,185.42,25.827024715273918,1.0428571428571427,1.0979833075637235,Male,Bottom
1,4,4,12.0,15.0,177.8,70.30676,172.72,22.239937949263652,0.9714285714285713,1.1706806002722925,Male,Bottom
1,6,3,15.0,21.0,190.5,68.0388,193.04,18.748506830346994,1.0133333333333332,1.2204624420183778,Male,Bottom
1,5,2,10.0,30.0,175.26,72.57472,184.15,23.627607851729042,1.0507246376811594,1.137789026261486,Male,Bottom
0,5,4,5.0,20.0,162.56,53.070264,167.64,20.08278166946959,1.03125,1.0942147188112725,Female,Bottom
1,9,6,19.0,37.0,182.88,71.667536,182.88,21.428414924731083,1.0,1.2651130631866567,Male,Top
1,6,4,14.0,23.0,187.96,78.017824,187.96,22.083248549258236,1.0,1.1794461737358888,Male,Bottom
1,6,4,14.0,23.0,187.96,78.017824,187.96,22.083248549258236,1.0,1.1794461737358888,Male,Bottom
0,8,6,26.0,53.0,162.56,52.16308,165.1,19.739486256316262,1.015625,1.4984368254328542,Female,Top
0,8,6,26.0,53.0,162.56,52.16308,165.1,19.739486256316262,1.015625,1.4984368254328542,Female,Top
1,7,6,16.0,36.0,172.72,72.57472,182.88,24.327647271211493,1.0588235294117647,1.2204624420183778,Male,Bottom
1,7,6,16.0,36.0,172.72,72.57472,182.88,24.327647271211493,1.0588235294117647,1.2204624420183778,Male,Bottom
0,5,3,10.0,16.0,162.56,53.070264,165.735,20.08278166946959,1.01953125,1.188429437622545,Female,Bottom
0,5,3,10.0,16.0,162.56,53.070264,165.735,20.08278166946959,1.01953125,1.188429437622545,Female,Bottom
1,7,4,10.0,21.0,167.64,64.863656,167.64,23.080548181298386,1.0,1.1541695398729914,Male,Bottom
1,7,4,10.0,21.0,167.64,64.863656,167.64,23.080548181298386,1.0,1.1541695398729914,Male,Bottom
1,10,6,14.0,31.0,174.625,66.224432,179.705,21.71727865571433,1.029090909090909,1.211402341661458,Male,Top
1,10,6,14.0,31.0,174.625,66.224432,179.705,21.71727865571433,1.029090909090909,1.211402341661458,Male,Top
0,0,6,8.0,13.0,157.48,52.16308,157.48,21.033542067084134,1.0,1.1533651770562627,Female,
1,10,6,23.0,43.0,172.72,66.678024,172.72,22.35102593042556,1.0,1.3449412358110673,Male,Top
1,8,4,19.0,28.0,187.96,84.821704,198.12,24.00911324832145,1.054054054054054,1.2239992726389934,Male,Top
1,7,6,50.0,90.0,187.96,81.64656,187.96,23.110376388758617,1.0,1.6123956722732715,Male,Bottom
1,1,4,6.0,13.0,185.42,90.7184,185.42,26.386526783186806,1.0,1.0661387326055134,Male,Bottom
1,6,6,18.0,35.0,180.34,67.131616,182.88,20.641581612462964,1.0140845070422535,1.2681299970493785,Male,Bottom
0,0,5,2.0,4.0,175.26,59.420552,182.88,19.34510392860315,1.0434782608695652,1.0336583880944088,Female,
0,0,5,2.0,4.0,175.26,59.420552,182.88,19.34510392860315,1.0434782608695652,1.0336583880944088,Female,
0,0,5,12.0,37.0,166.37,55.791816,170.18,20.15674791794779,1.0229007633587786,1.2150853092862222,Female,
1,6,5,16.0,23.0,185.42,77.11064,185.42,22.428547765708785,1.0,1.2074940630761202,Male,Bottom
1,4,6,16.0,17.0,181.61,72.57472,190.5,22.00421360107232,1.048951048951049,1.2204624420183778,Male,Bottom
0,3,6,8.0,11.0,168.91,54.43104,170.18,19.078134600387013,1.0075187969924813,1.146974961345585,Female,Bottom
1,7,4,13.0,36.0,177.8,74.84268,182.88,23.67477265566776,1.0285714285714285,1.173697681590237,Male,Bottom
1,0,3,25.0,29.0,185.42,71.213944,187.96,20.71342352480164,1.0136986301369864,1.3510548439783086,Male,
0,7,5,10.0,10.0,173.99,65.77084,176.784,21.72625198785482,1.0160583941605839,1.1520430634609502,Female,Bottom
0,0,4,13.0,25.0,162.56,53.523856,168.91,20.254429376046254,1.0390625,1.2428823513761786,Female,
1,0,4,7.0,20.0,177.8,77.11064,177.8,24.392190008869814,1.0,1.0907786525958025,Male,
0,1,3,2.0,12.0,175.26,80.285784,172.72,26.138041185975254,0.9855072463768116,1.0249110103975567,Female,Bottom
0,0,5,9.0,11.0,175.26,64.410064,170.18,20.969501968409528,0.9710144927536233,1.1397297167722111,Female,
1,4,6,20.0,53.0,167.64,62.142104,175.26,22.11213357229286,1.0454545454545454,1.3218429810487267,Male,Bottom
1,7,6,14.0,17.0,172.72,75.749864,172.72,25.391981839327,1.0,1.184818813668101,Male,Bottom
1,6,2,16.0,19.0,172.72,61.23492,172.72,20.5264523850847,1.0,1.2612888201699293,Male,Bottom
0,5,5,4.0,19.0,172.72,54.43104,182.88,18.24573545340862,1.0588235294117647,1.0734874806727925,Female,Bottom
1,6,1,17.0,43.0,190.5,81.192968,190.5,22.373218150880746,1.0,1.2093777382297441,Male,Bottom
0,7,5,11.0,10.0,167.64,58.059776,165.1,20.659511658784567,0.9848484848484849,1.1894599111095434,Female,Bottom
0,8,3,10.0,10.0,165.1,58.96696,170.18,21.632892496554224,1.0307692307692309,1.1695864938602907,Female,Top
1,11,6,24.0,43.0,175.26,60.781328,175.26,19.788121575823073,1.0,1.3948581051075422,Male,Top
1,7,4,28.0,32.0,187.96,78.925008,193.04,22.34003050913333,1.027027027027027,1.3547671480755503,Male,Bottom
1,9,3,21.0,29.0,172.72,67.585208,175.26,22.655121521315703,1.0147058823529411,1.3107188780124788,Male,Top
1,9,6,24.0,35.0,176.53,65.77084,176.53,21.10553405931614,1.0,1.3649033523062803,Male,Top
1,0,2,9.0,26.0,175.26,69.853168,180.34,22.741572557289203,1.028985507246377,1.128841686893857,Male,
0,5,2,10.0,2.0,177.8,70.30676,177.8,22.239937949263652,1.0,1.1422338335602438,Female,Bottom
1,4,2,40.0,60.0,170.18,68.0388,170.18,23.49306102042812,1.0,1.5878998453823407,Male,Bottom
1,9,3,30.0,50.0,181.61,63.50288,184.15,19.253686900938277,1.013986013986014,1.4724195186108096,Male,Top
0,4,2,9.0,15.0,167.64,61.688512,162.56,21.950731137458604,0.9696969696969698,1.145894263100397,Female,Bottom
1,4,2,16.0,51.0,170.18,66.678024,175.26,23.023199800019558,1.0298507462686566,1.2399591205642206,Male,Bottom
1,0,6,16.0,32.0,177.8,68.945984,182.88,21.80948753734242,1.0285714285714285,1.2320657284403977,Male,
0,7,3,6.0,12.0,165.1,48.987936,165.1,17.971941458675815,1.0,1.1224791344546543,Female,Bottom
1,9,1,26.0,43.0,172.72,64.863656,203.2,21.742834748645276,1.1764705882352942,1.4008408036697777,Male,Top
1,10,5,19.0,37.0,177.8,71.667536,177.8,22.670388361184884,1.0,1.2651130631866567,Male,Top
1,8,3,15.0,25.0,180.34,66.678024,185.42,20.502111466432808,1.028169014084507,1.224961675528957,Male,Top
0,3,3,9.0,20.0,172.72,63.50288,167.64,21.28669136231006,0.9705882352941175,1.141725855583243,Female,Bottom
1,1,3,8.0,30.0,180.34,86.18248,182.88,26.49932774572948,1.0140845070422535,1.092826291376159,Male,Bottom
0,0,6,4.0,22.0,177.8,74.389088,177.8,23.531289185027347,1.0,1.0537713273215557,Female,
1,0,6,16.0,15.0,165.1,60.781328,170.18,22.29851995798666,1.0307692307692309,1.2632387367383615,Male,
1,0,6,25.0,39.0,177.8,76.657048,182.88,24.248706538229403,1.0285714285714285,1.326127872808251,Male,
1,11,6,24.0,31.0,175.26,65.77084,185.42,21.412519615629446,1.0579710144927537,1.3649033523062803,Male,Top
1,12,6,21.0,30.0,170.18,67.131616,177.8,23.179820206822413,1.0447761194029852,1.3128183298909415,Male,Top
0,5,4,11.0,29.0,158.75,47.62716,156.845,18.898494884989773,0.988,1.2309606535430624,Female,Bottom
1,7,6,15.0,29.0,182.88,77.11064,190.5,23.055889475976485,1.0416666666666667,1.1945256841338627,Male,Bottom
1,7,3,19.0,31.0,177.8,79.3786,185.42,25.109607362071866,1.0428571428571427,1.23935922276281,Male,Bottom
1,7,4,24.0,70.0,170.18,57.606184,173.99,19.890791663962474,1.0223880597014925,1.4166219376725249,Male,Bottom
1,4,2,17.0,40.0,180.34,74.84268,175.26,23.0125740949756,0.9718309859154929,1.2271431220795408,Male,Bottom
0,3,4,4.0,10.0,157.48,49.89512,160.02,20.119040238080476,1.0161290322580647,1.0801681607339555,Female,Bottom
1,5,3,14.0,24.0,177.8,58.96696,182.88,18.652851183253386,1.0285714285714285,1.2374210914044068,Male,Bottom
1,3,5,13.0,29.0,168.91,64.863656,175.26,22.73477706546119,1.037593984962406,1.2004204018348887,Male,Bottom
1,8,3,25.0,25.0,172.72,64.410064,177.8,21.590786953200205,1.0294117647058825,1.3881381021450312,Male,Top
1,5,2,9.0,21.0,167.64,57.606184,165.1,20.498109223950312,0.9848484848484849,1.1562332266271969,Male,Bottom
1,6,4,10.0,25.0,190.5,77.11064,198.12,21.24830774105993,1.04,1.129683789422575,Male,Bottom
1,10,5,26.0,45.0,182.88,77.11064,190.5,23.055889475976485,1.0416666666666667,1.3371778524986955,Male,Top
1,0,2,9.0,16.0,184.023,73.935496,184.023,21.832766892470712,1.0,1.1217277287218037,Male,
0,8,5,12.0,33.0,157.48,53.070264,154.94,21.3993427986856,0.9838709677419355,1.2261153251470542,Female,Top
1,0,4,23.0,60.0,179.07,72.57472,176.53,22.632873795499616,0.9858156028368795,1.316914760401418,Male,
1,4,3,11.0,27.0,172.72,71.667536,175.26,24.02355168032135,1.0147058823529411,1.1534865102659593,Male,Bottom
0,1,6,11.0,18.0,157.48,58.96696,162.56,23.77704755409511,1.032258064516129,1.1865451432463197,Female,Bottom
1,9,3,16.0,21.0,172.72,65.77084,175.26,22.046930339535418,1.0147058823529411,1.2432689015375202,Male,Top
1,4,2,22.0,35.0,185.42,77.11064,190.5,22.428547765708785,1.0273972602739727,1.2853043367296653,Male,Bottom
1,0,6,16.0,25.0,177.8,71.667536,180.34,22.670388361184884,1.0142857142857142,1.2232531058413951,Male,
1,8,4,10.0,15.0,187.96,71.667536,191.77,20.285774830132564,1.0202702702702702,1.139533191150872,Male,Top
1,4,5,7.0,25.0,182.88,77.11064,185.42,23.055889475976485,1.0138888888888888,1.0907786525958025,Male,Bottom
1,0,5,12.0,22.0,182.88,68.0388,187.96,20.343431890567484,1.027777777777778,1.1763699536147023,Male,
1,5,4,16.0,15.0,187.96,86.636072,193.04,24.522677168071645,1.027027027027027,1.184680579701259,Male,Bottom
0,0,2,9.0,26.0,162.56,61.23492,163.83,23.172440387849527,1.0078125,1.146974961345585,Female,
1,3,2,17.0,30.0,168.91,58.96696,180.34,20.667979150419264,1.0676691729323309,1.288297039562494,Male,Bottom
0,4,3,14.0,25.0,162.56,56.699,162.56,21.455963322082894,1.0,1.246917935060583,Female,Bottom
1,6,3,18.0,30.0,182.88,77.11064,182.88,23.055889475976485,1.0,1.2334308209606353,Male,Bottom
1,6,6,15.0,27.0,170.18,64.863656,177.8,22.396718172808146,1.0447761194029852,1.231254309809487,Male,Bottom
1,9,4,21.0,52.0,167.64,58.96696,162.56,20.982316528453076,0.9696969696969698,1.35613163710661,Male,Top
1,10,6,13.0,20.0,177.8,65.317248,175.26,20.661619772219137,0.9857142857142857,1.1990285934888132,Male,Top
1,4,4,22.0,51.0,177.8,74.84268,177.8,23.67477265566776,1.0,1.2939499226911704,Male,Bottom
0,4,4,12.0,20.0,167.64,61.23492,170.18,21.78932870262435,1.0151515151515154,1.1959666151274468,Female,Bottom
1,5,2,18.0,30.0,173.99,68.945984,172.72,22.775105532096084,0.9927007299270072,1.2610739444954473,Male,Bottom
1,3,2,10.0,30.0,179.07,79.832192,184.912,24.896161175049578,1.0326241134751775,1.1252627511468056,Male,Bottom
1,4,3,24.0,37.0,173.355,64.863656,176.53,21.583838318557508,1.0183150183150185,1.3700068956951794,Male,Bottom
1,6,2,17.0,38.0,182.88,74.389088,190.5,22.242152200353782,1.0416666666666667,1.2285281411166111,Male,Bottom
1,0,3,14.0,26.0,187.96,79.3786,180.34,22.46842148907088,0.9594594594594594,1.176369953614702,Male,
1,0,6,22.0,37.0,180.34,74.84268,180.34,23.0125740949756,1.0,1.2939499226911704,Male,
1,8,3,19.0,24.0,195.58,75.749864,196.85,19.80309057599056,1.0064935064935063,1.25082553283528,Male,Top
0,7,2,12.0,12.0,157.48,55.338224,157.48,22.313844627689253,1.0,1.2168483036246338,Female,Bottom
1,2,3,8.0,23.0,180.34,77.564232,177.8,23.849394971156535,0.9859154929577465,1.1031403237512878,Male,Bottom
1,10,2,23.0,40.0,170.18,70.6242744,182.88,24.38579733920439,1.0746268656716418,1.3256670627117975,Male,Top
1,8,2,20.0,35.0,165.1,62.595696,165.1,22.964147419419096,1.0,1.319510785533881,Male,Top
1,7,2,19.0,40.0,175.26,76.203456,184.15,24.808988244315493,1.0507246376811594,1.2493325237112605,Male,Bottom
0,4,3,5.0,13.0,152.4,49.89512,154.94,21.48266407643926,1.0166666666666666,1.1002102009174444,Female,Bottom
1,7,2,19.0,40.0,175.26,76.203456,184.15,24.808988244315493,1.0507246376811594,1.2493325237112605,Male,Bottom
1,7,4,24.0,50.0,167.64,68.0388,170.18,24.210365225138165,1.0151515151515154,1.3527399072294044,Male,Bottom
1,9,4,25.0,50.0,170.18,67.131616,167.64,23.179820206822413,0.9850746268656715,1.3724027736796922,Male,Top
1,6,4,20.0,33.0,182.88,73.028312,187.96,21.835283562542433,1.027777777777778,1.2738663876004692,Male,Bottom
1,9,6,20.0,28.0,177.8,63.50288,187.96,20.087685889657493,1.0571428571428572,1.3149463457405397,Male,Top
1,5,4,17.0,27.0,172.72,66.678024,175.26,22.35102593042556,1.0147058823529411,1.2549565655994845,Male,Bottom
1,8,4,21.0,35.0,193.04,77.11064,193.04,20.69282047151352,1.0,1.2723359577874078,Male,Top
1,4,2,7.0,330.0,180.34,91.625584,185.42,28.172969498091344,1.028169014084507,1.0763978759469626,Male,Bottom
1,4,1,26.0,41.0,182.88,71.667536,182.88,21.428414924731083,1.0,1.3627862969922673,Male,Bottom
1,0,2,30.0,40.0,190.5,82.100152,177.8,22.62319824195204,0.9333333333333333,1.3654073624613996,Male,
1,8,2,18.0,35.0,175.26,68.0388,175.26,22.150882360995976,1.0,1.2645549304220534,Male,Top
1,6,4,14.0,70.0,177.8,69.853168,172.72,22.09645447862324,0.9714285714285713,1.200420401834889,Male,Bottom
1,1,1,15.0,30.0,177.8,83.91452,172.72,26.54444206847597,0.9714285714285713,1.1787533313662522,Male,Bottom
1,0,5,11.0,28.0,167.64,73.028312,177.8,25.985792008314963,1.0606060606060608,1.150626513180258,Male,
1,5,3,18.0,40.0,185.42,79.3786,195.58,23.088210935288455,1.0547945205479454,1.2267613689331884,Male,Bottom
1,5,3,18.0,40.0,185.42,79.3786,195.58,23.088210935288455,1.0547945205479454,1.2267613689331884,Male,Bottom
1,5,1,27.0,36.0,177.8,68.0388,177.8,21.522520596061597,1.0,1.39683239563308,Male,Bottom
1,2,6,20.0,40.0,170.18,66.678024,175.26,23.023199800019558,1.0298507462686566,1.2999489007052758,Male,Bottom
1,0,1,13.0,60.0,172.72,77.11064,177.8,25.848125225662216,1.0294117647058825,1.1685889262493476,Male,
1,6,5,23.0,40.0,177.8,72.121128,180.34,22.813871831825296,1.0142857142857142,1.3189079349951376,Male,Bottom
1,6,5,15.0,41.0,175.26,75.749864,176.53,24.661315695242187,1.0072463768115942,1.1980201575015368,Male,Bottom
1,3,6,15.0,31.0,167.64,69.853168,171.45,24.855974964475184,1.0227272727272727,1.214736144823095,Male,Bottom
1,6,3,18.0,42.0,185.42,83.007336,190.5,24.143672006615926,1.0273972602739727,1.2168483036246338,Male,Bottom
0,4,2,28.0,14.0,167.64,60.327736,170.18,21.46652383295584,1.0151515151515154,1.4641314568807953,Female,Bottom
1,3,5,18.0,63.0,175.895,66.224432,177.8,21.40480389863541,1.0108303249097472,1.271803010707589,Male,Bottom
1,3,4,14.0,24.0,187.96,82.553744,190.5,23.367158348633712,1.0135135135135134,1.1695864938602907,Male,Bottom
1,0,6,15.0,25.0,181.61,70.30676,182.88,21.316581926038808,1.0069930069930069,1.2133507503403655,Male,
1,5,6,15.0,31.0,182.88,78.017824,185.42,23.327135234517385,1.0138888888888888,1.1922637575741666,Male,Bottom
1,0,5,9.0,21.0,182.88,85.728888,187.96,25.63272418211503,1.027777777777778,1.1049821152468466,Male,
0,9,6,16.0,30.0,157.48,54.43104,157.48,21.948043896087793,1.0,1.2939499226911702,Female,Top
1,0,6,17.0,31.0,190.5,85.728888,198.12,23.623118606237213,1.04,1.1982995510218213,Male,
1,0,6,8.0,25.0,193.04,97.52228,190.5,26.17033177279651,0.986842105263158,1.0820325365649777,Male,
1,5,2,19.0,54.0,175.26,74.84268,190.5,24.365970597095576,1.0869565217391306,1.2538658423241926,Male,Bottom
1,1,6,7.0,14.0,187.96,90.264808,180.34,25.54980500757203,0.9594594594594594,1.0775496027200324,Male,Bottom
1,9,4,29.0,46.0,180.34,68.945984,187.96,21.199462196583585,1.0422535211267605,1.4206191327982207,Male,Top
1,7,6,17.0,36.0,172.72,73.481904,182.88,24.63174286210164,1.0588235294117647,1.2313494761921249,Male,Bottom
0,0,6,25.0,57.0,162.56,52.16308,165.1,19.739486256316262,1.015625,1.4792661783008214,Female,
1,9,3,20.0,30.0,180.34,70.30676,185.42,21.61787263467405,1.028169014084507,1.2844676671204873,Male,Top
1,10,6,15.0,30.0,170.18,70.30676,180.34,24.276163054442392,1.0597014925373134,1.2133507503403655,Male,Top
1,6,6,10.0,11.0,187.96,72.57472,193.04,20.542556790007662,1.027027027027027,1.137789026261486,Male,Bottom
0,9,6,13.0,19.0,154.94,50.802304,157.48,21.161980297623593,1.0163934426229508,1.2558939059141885,Female,Top
0,5,4,11.0,15.0,165.1,58.96696,165.1,21.632892496554224,1.0,1.1865451432463197,Female,Bottom
0,4,3,6.0,15.0,157.48,50.802304,161.29,20.48484096968194,1.0241935483870968,1.1181048796527024,Female,Bottom
0,4,3,6.0,15.0,157.48,50.802304,161.29,20.48484096968194,1.0241935483870968,1.1181048796527024,Female,Bottom
1,6,5,9.0,26.0,172.72,75.749864,173.99,25.391981839327,1.0073529411764706,1.1188120945009221,Male,Bottom
1,12,4,21.0,22.0,170.18,50.802304,180.34,17.541485561919664,1.0597014925373134,1.413367078784458,Male,Top
1,6,4,15.0,40.0,177.8,74.84268,182.88,23.67477265566776,1.0285714285714285,1.200420401834889,Male,Bottom
1,0,6,14.0,31.0,182.88,71.667536,190.5,21.428414924731083,1.0416666666666667,1.1953464676112209,Male,
1,9,6,12.0,14.0,180.34,76.657048,180.34,23.570454679096223,1.0,1.1565413789479606,Male,Top
0,4,3,14.0,31.0,162.56,56.245408,167.64,21.28431561550623,1.03125,1.2489092087304265,Female,Bottom
1,7,4,12.0,31.0,180.34,78.471416,190.5,24.128335263216844,1.056338028169014,1.1529219250994527,Male,Bottom
1,0,5,16.0,23.0,172.72,68.0388,172.72,22.807169316760774,1.0,1.2351599381529363,Male,
1,0,3,16.0,35.0,187.96,77.11064,193.04,21.82646658938314,1.027027027027027,1.2074940630761202,Male,
1,10,6,15.0,41.0,175.26,66.678024,180.34,21.707864713776054,1.028985507246377,1.224961675528957,Male,Top
0,1,1,3.0,20.0,170.18,54.43104,175.26,18.7944488163425,1.0298507462686566,1.0551156105045945,Female,Bottom
1,5,4,16.0,52.0,175.26,74.84268,177.8,24.365970597095576,1.0144927536231885,1.2137817619572149,Male,Bottom
1,0,3,11.0,20.0,177.8,70.30676,177.8,22.239937949263652,1.0,1.1564572169162681,Male,
0,5,2,10.0,7.0,177.8,69.399576,177.8,21.95297100798283,1.0,1.1440930993584169,Female,Bottom
1,0,1,18.0,35.0,180.34,70.30676,187.96,21.61787263467405,1.0422535211267605,1.2560209004084386,Male,
1,7,5,16.0,33.0,172.72,69.399576,175.26,23.26331270309599,1.0147058823529411,1.2305489589734668,Male,Bottom
1,7,4,20.0,20.0,172.72,68.0388,167.64,22.807169316760774,0.9705882352941175,1.2939499226911704,Male,Bottom
1,0,4,13.0,35.0,170.18,67.585208,171.45,23.336440613625264,1.007462686567164,1.1923497816267725,Male,
0,0,2,11.0,13.0,172.72,57.606184,170.18,19.310070021524123,0.9852941176470589,1.1909517214332406,Female,
1,0,1,7.0,32.0,191.77,88.904032,190.5,24.17464588448759,0.9933774834437086,1.0787365864351348,Male,
0,3,3,3.0,5.0,172.72,56.699,185.42,19.00597443063398,1.0735294117647058,1.0529109860844106,Female,Bottom
1,3,3,16.0,44.0,170.18,68.0388,170.18,23.49306102042812,1.0,1.2351599381529363,Male,Bottom
0,1,3,3.0,16.0,172.72,70.30676,175.26,23.567408293986134,1.0147058823529411,1.042670150068073,Female,Bottom
1,9,6,13.0,29.0,172.72,67.585208,180.34,22.655121521315703,1.0441176470588236,1.1923497816267725,Male,Top
1,7,6,23.0,45.0,172.72,68.6738288,177.8,23.020036230383877,1.0294117647058825,1.3349165235417892,Male,Bottom
1,8,1,13.0,30.0,187.96,71.213944,193.04,20.157383850195018,1.027027027027027,1.1825485188687204,Male,Top
1,7,3,15.0,30.0,177.8,79.3786,187.96,25.109607362071866,1.0571428571428572,1.1889678074443237,Male,Bottom
0,3,2,15.0,40.0,162.56,58.059776,162.56,21.970906441812883,1.0,1.2583544242402864,Female,Bottom
1,4,6,11.0,41.0,172.72,76.657048,167.64,25.696077430217144,0.9705882352941175,1.1434962640356305,Male,Bottom
1,7,4,12.0,31.0,180.34,78.471416,190.5,24.128335263216844,1.056338028169014,1.1529219250994527,Male,Bottom
1,9,6,16.0,30.0,175.26,78.471416,177.8,25.547350989682027,1.0144927536231885,1.2038959001326037,Male,Top
0,6,6,12.0,22.0,170.18,63.50288,165.1,21.92685695239958,0.9701492537313432,1.188967807444324,Female,Bottom
1,7,6,15.0,30.0,182.88,81.192968,185.42,24.27649538941053,1.0138888888888888,1.184745063143892,Male,Bottom
1,6,1,14.0,29.0,187.96,82.553744,187.96,23.367158348633712,1.0,1.1695864938602907,Male,Bottom
1,6,4,14.0,15.0,187.96,72.57472,187.96,20.542556790007662,1.0,1.1929046367660805,Male,Bottom
1,9,3,30.0,30.0,175.26,64.863656,182.88,21.117174517482834,1.0434782608695652,1.4625086196189743,Male,Top
1,8,3,20.0,41.0,187.96,83.91452,193.04,23.752331288446356,1.027027027027027,1.2383377751550029,Male,Top
1,5,6,12.0,26.0,180.34,82.553744,180.34,25.38356657748824,1.0,1.145359851880249,Male,Bottom
1,6,6,16.0,40.0,175.26,75.749864,176.53,24.661315695242187,1.0072463768115942,1.2112215013349727,Male,Bottom
1,6,4,15.0,20.0,190.5,77.11064,198.12,21.24830774105993,1.04,1.1945256841338627,Male,Bottom
0,4,3,5.0,14.0,165.1,63.50288,167.64,23.296961150135317,1.0153846153846153,1.078736586435135,Female,Bottom
1,7,6,20.0,50.0,172.72,73.481904,186.69,24.63174286210164,1.0808823529411764,1.2721758543436763,Male,Bottom
0,8,3,9.0,26.0,160.02,55.791816,160.02,21.788230726877174,1.0,1.1613139819646667,Female,Top
0,2,0,10.0,20.0,157.48,55.338224,162.56,22.313844627689253,1.032258064516129,1.1807069196871949,Female,Bottom
1,4,4,20.0,29.0,175.006,68.0388,176.022,22.21522766439695,1.0058055152394774,1.2939499226911704,Male,Bottom
1,6,2,15.0,30.0,175.26,68.0388,176.53,22.150882360995976,1.0072463768115942,1.2204624420183778,Male,Bottom
1,8,6,25.0,31.0,180.34,69.399576,193.04,21.338932342613738,1.0704225352112675,1.3602327483960421,Male,Top
1,1,1,10.0,50.0,182.88,74.84268,185.42,22.377775079624236,1.0138888888888888,1.1336136012232592,Male,Bottom
1,0,1,13.0,22.0,177.8,74.84268,187.96,23.67477265566776,1.0571428571428572,1.173697681590237,Male,
0,1,2,4.0,9.0,167.64,70.760352,167.64,25.178779834143693,1.0,1.0565288312867636,Female,Bottom
0,3,1,10.0,25.0,157.48,48.080752,157.48,19.38743877487755,1.0,1.2079834358663941,Female,Bottom
1,5,4,21.0,38.0,182.88,74.84268,187.96,22.377775079624236,1.027777777777778,1.2805885625688445,Male,Bottom
1,0,0,11.0,17.0,177.8,63.049288,180.34,19.94420241901708,1.0142857142857142,1.1744666807339679,Male,
0,6,6,19.0,29.0,162.9918,57.606184,159.766,21.683909969140853,0.9802088203210222,1.3298257006574155,Female,Bottom
1,5,5,11.0,33.0,167.64,79.3786,172.72,28.245426095994528,1.0303030303030303,1.1385763921258374,Male,Bottom
0,4,6,11.0,26.0,154.94,56.699,157.48,23.618281582169185,1.0163934426229508,1.1940069489761724,Female,Bottom
1,6,5,14.0,21.0,190.5,79.3786,198.12,21.873257968738162,1.04,1.176369953614702,Male,Bottom
1,0,5,12.0,21.0,176.53,58.96696,184.15,18.92220294973171,1.0431654676258992,1.2035037926323486,Male,
1,9,4,22.0,48.0,167.64,60.327736,162.56,21.46652383295584,0.9696969696969698,1.3646747161206247,Male,Top
1,0,6,13.0,15.0,185.42,72.57472,187.96,21.109221426549443,1.0136986301369864,1.179125734139932,Male,
1,0,6,13.0,31.0,182.88,72.57472,190.5,21.699660683271983,1.0416666666666667,1.179125734139932,Male,
0,0,3,13.0,31.0,162.56,56.245408,165.1,21.28431561550623,1.015625,1.231129979535396,Female,
1,9,5,20.0,36.0,170.18,60.327736,175.26,20.830514104779603,1.0298507462686566,1.331522469200568,Male,Top
1,6,6,13.0,24.0,170.18,65.77084,175.26,22.709958986413852,1.0298507462686566,1.1976559824992352,Male,Bottom
0,0,6,0.0,1.0,166.37,66.224432,166.37,23.925895902604694,1.0,1.0,Female,
1,9,1,17.0,28.0,187.96,72.57472,193.04,20.542556790007662,1.027027027027027,1.2342413446445264,Male,Top
0,4,6,13.0,33.0,162.56,70.760352,162.56,26.777042225959452,1.0,1.1837187016819815,Female,Bottom
0,5,3,12.0,10.0,160.02,57.152592,157.48,22.319650988508325,0.984126984126984,1.209964230493693,Female,Bottom
0,5,5,12.0,25.0,172.72,67.131616,172.72,22.50307372587063,1.0,1.1787533313662522,Female,Bottom
1,0,6,8.0,6.0,185.42,68.0388,185.42,19.789895087390104,1.0,1.117579969076468,Male,
1,3,2,17.0,38.0,182.88,73.481904,182.88,21.970906441812883,1.0,1.2313494761921249,Male,Bottom
1,6,4,15.0,36.0,177.8,77.11064,182.88,24.392190008869814,1.0285714285714285,1.1945256841338627,Male,Bottom
1,6,6,17.0,24.0,180.34,87.543256,185.42,26.917738183819946,1.028169014084507,1.194189715767483,Male,Bottom
1,0,6,16.0,24.0,182.88,73.481904,185.42,21.970906441812883,1.0138888888888888,1.217740683474941,Male,
0,0,6,10.0,12.0,167.64,54.43104,170.18,19.368292180110533,1.0151515151515154,1.1837187016819812,Female,
1,6,1,11.0,20.0,182.88,79.3786,182.88,23.734003872328735,1.0,1.1385763921258374,Male,Bottom
1,0,4,16.0,24.0,182.88,79.3786,187.96,23.734003872328735,1.027777777777778,1.2015656612739454,Male,
1,5,4,14.0,27.0,175.26,65.77084,187.96,21.412519615629446,1.0724637681159421,1.2128602888453301,Male,Bottom
0,6,5,15.0,25.0,152.4,48.534344,153.67,20.896773237990917,1.0083333333333333,1.3090594981566044,Female,Bottom
0,5,4,3.0,14.0,170.18,62.595696,172.72,21.61361613879387,1.0149253731343284,1.0479266178300823,Female,Bottom
0,6,5,10.0,20.0,153.67,43.998424,153.67,18.631976940205504,1.0,1.2272808680601832,Female,Bottom
1,0,1,9.0,20.0,177.8,32.658624,172.72,10.330809886109568,0.9714285714285713,1.275578052522972,Male,
1,9,3,15.0,28.0,187.96,84.821704,193.04,24.00911324832145,1.027027027027027,1.1768415310307843,Male,Top
0,0,6,3.0,16.0,157.48,54.43104,165.1,21.948043896087793,1.0483870967741935,1.0551156105045945,Female,
1,4,1,12.0,20.0,170.18,81.64656,176.784,28.191673224513742,1.0388059701492536,1.146974961345585,Male,Bottom
1,3,3,14.0,30.0,177.8,72.57472,177.8,22.957355302465704,1.0,1.1929046367660805,Male,Bottom
1,1,2,12.0,35.0,170.18,73.028312,177.8,25.215885495259517,1.0447761194029852,1.1643198325602815,Male,Bottom
0,9,6,14.0,33.0,157.48,56.245408,157.48,22.679645359290717,1.0,1.2489092087304265,Female,Top
1,6,6,18.0,40.0,175.26,75.296272,176.53,24.51364314616888,1.0072463768115942,1.2390556600199276,Male,Bottom
0,5,3,7.0,16.0,154.94,63.956472,160.02,26.641421624686842,1.0327868852459017,1.1094494392999037,Female,Bottom
0,0,2,8.0,9.0,170.18,63.50288,175.26,21.92685695239958,1.0298507462686566,1.125978538296216,Female,
0,0,2,7.0,23.0,165.1,54.43104,165.1,19.96882384297313,1.0,1.128603091177387,Female,
1,0,6,14.0,43.0,172.72,74.389088,182.88,24.93583845299178,1.0588235294117647,1.1881996456254444,Male,
1,8,4,11.0,35.0,172.72,86.18248,184.15,28.88908113456365,1.0661764705882353,1.1276361506422188,Male,Top
0,4,4,4.0,24.0,167.64,56.699,173.99,20.175304354281803,1.037878787878788,1.070547981445881,Female,Bottom
1,7,4,11.0,20.0,170.18,72.57472,180.34,25.059265088456662,1.0597014925373134,1.1515679288876346,Male,Bottom
1,1,4,11.0,45.0,180.34,98.883056,177.8,30.404491834573825,0.9859154929577465,1.1112425166147777,Male,Bottom
1,6,1,18.0,35.0,187.96,84.368112,187.96,23.880722268383906,1.0,1.2133507503403655,Male,Bottom
0,3,3,5.0,7.0,153.67,49.89512,154.94,21.129046014666034,1.0082644628099173,1.1002102009174444,Female,Bottom
0,6,6,15.0,25.0,157.48,59.874144,167.64,24.142848285696573,1.064516129032258,1.250525502293611,Female,Bottom
0,0,5,16.0,30.0,157.48,47.62716,157.48,19.20453840907682,1.0,1.335942768789909,Female,
0,0,0,10.0,35.0,157.48,56.699,129.54,22.86254572509145,0.8225806451612904,1.1763699536147023,Female,
1,3,3,20.0,55.0,185.42,84.821704,182.88,24.67140254227966,0.9863013698630138,1.2357887080410457,Male,Bottom
0,6,2,9.0,14.0,163.83,62.595696,165.1,23.32156068674856,1.007751937984496,1.1437798534902466,Female,Bottom
0,7,4,18.0,10.0,160.02,52.616672,160.02,20.548250116404493,1.0,1.3420968927871377,Female,Bottom
1,0,6,8.0,20.0,185.42,85.275296,190.5,24.803335176195596,1.0273972602739727,1.0938138051142032,Male,
1,7,6,34.0,35.0,177.8,67.585208,175.26,21.379037125421185,0.9857142857142857,1.5030686596392513,Male,Bottom
0,6,3,20.0,38.0,160.02,55.791816,157.48,21.788230726877174,0.984126984126984,1.358475515477037,Female,Bottom
1,3,6,8.0,20.0,187.96,88.45044,182.88,25.036241087821836,0.9729729729729729,1.0904461300588217,Male,Bottom
0,6,4,12.0,27.0,167.64,64.863656,162.56,23.080548181298386,0.9696969696969698,1.1850034478475897,Female,Bottom
0,3,1,9.0,20.0,170.18,57.152592,167.64,19.734171257159623,0.9850746268656715,1.1574731728702699,Female,Bottom
1,0,2,9.0,31.0,185.42,79.3786,195.58,23.088210935288455,1.0547945205479454,1.1133806844665943,Male,
1,0,6,29.0,41.0,182.88,71.213944,187.96,21.292792045460633,1.027777777777778,1.407223619014838,Male,
1,0,6,7.0,13.0,182.88,71.667536,182.88,21.428414924731083,1.0,1.0976732338056103,Male,
1,4,2,18.0,30.0,170.18,64.863656,172.72,22.396718172808146,1.0149253731343284,1.2775051717713846,Male,Bottom
3,0,5,13.0,27.0,166.99992,62.3689,165.1,22.36328292684487,0.9886232280829834,1.2084372179082845,Other/Prefer to Not Answer,
1,12,4,34.0,60.0,184.912,83.91452,194.818,24.54182883549923,1.0535714285714286,1.4051742177635052,Male,Top
1,4,4,17.0,32.0,176.53,63.50288,170.18,20.377757022787993,0.9640287769784173,1.2677043938794588,Male,Bottom
1,4,6,16.0,36.0,168.91,68.0388,172.72,23.847668250483764,1.0225563909774436,1.2351599381529363,Male,Bottom
1,12,6,37.0,70.0,170.18,60.781328,177.8,20.987134511582457,1.0447761194029852,1.608739578707461,Male,Top
0,0,3,0.0,10.0,162.56,66.224432,158.75,25.06056516019282,0.9765625,1.0,Female,
1,0,6,17.0,30.0,175.26,63.049288,177.8,20.526484321189603,1.0144927536231885,1.2696303247706777,Male,
1,8,4,22.0,27.0,165.1,70.30676,175.26,25.793064130506956,1.0615384615384615,1.3129144338325363,Male,Top
1,9,4,23.0,38.0,172.72,67.585208,172.72,22.655121521315703,1.0,1.3403111521089053,Male,Top
0,0,4,20.0,20.0,164.084,47.62716,170.942,17.689771215216116,1.041795665634675,1.4199284609873861,Female,
1,0,6,13.0,30.0,180.34,79.3786,187.96,24.407275555277156,1.0422535211267605,1.1637720997850807,Male,
1,7,6,19.0,34.0,172.72,72.57472,172.72,24.327647271211493,1.0,1.2617991498968235,Male,Bottom
1,6,5,15.0,25.0,147.32,70.30676,147.32,32.39467775011651,1.0,1.2133507503403655,Male,Bottom
0,7,2,12.0,12.0,157.48,53.070264,154.94,21.3993427986856,0.9838709677419355,1.2261153251470542,Female,Bottom
0,0,4,7.0,13.0,160.02,56.699,160.02,22.142510901297943,1.0,1.1234589675302915,Female,
1,7,6,19.0,41.0,172.72,75.296272,182.88,25.239934043881927,1.0588235294117647,1.2523365300210347,Male,Bottom
1,10,6,26.0,42.0,182.88,79.3786,195.58,23.734003872328735,1.0694444444444446,1.3275441995701611,Male,Top
1,3,3,15.0,30.0,172.72,69.853168,177.8,23.415360498541062,1.0294117647058825,1.214736144823095,Male,Bottom
0,3,2,23.0,20.0,157.48,49.89512,160.02,20.119040238080476,1.0161290322580647,1.4609669242202443,Female,Bottom
0,3,2,11.0,30.0,157.48,55.791816,152.4,22.496744993489987,0.9677419354838711,1.1971615335123704,Female,Bottom
1,4,3,22.0,44.0,182.88,78.017824,185.42,23.327135234517385,1.0138888888888888,1.281986844442111,Male,Bottom
1,4,2,12.0,33.0,180.34,79.3786,185.42,24.407275555277156,1.028169014084507,1.151174245955459,Male,Bottom
1,4,3,14.0,30.0,182.88,84.821704,187.96,25.36147842357413,1.027777777777778,1.165052095628732,Male,Bottom
1,0,2,17.0,37.0,173.99,71.667536,181.61,23.674122855731458,1.0437956204379562,1.2372064249564825,Male,
0,4,3,9.0,13.0,157.48,58.96696,162.56,23.77704755409511,1.032258064516129,1.1526278444742615,Female,Bottom
0,9,6,15.0,24.0,154.94,49.89512,157.48,20.784087792308885,1.0163934426229508,1.300630602752333,Female,Top
1,6,6,15.0,30.0,185.42,77.11064,185.42,22.428547765708785,1.0,1.1945256841338627,Male,Bottom
1,8,6,7.0,12.0,177.8,92.98636,182.88,29.414111481284188,1.0285714285714285,1.0752798582501777,Male,Top
0,0,6,8.0,22.0,160.02,53.523856,161.29,20.902530290825258,1.007936507936508,1.1494660623853408,Female,
1,4,3,17.0,26.0,175.26,70.30676,182.88,22.88924510636251,1.0434782608695652,1.2417975170524143,Male,Bottom
0,7,6,12.0,31.0,157.48,61.23492,162.56,24.691549383098767,1.032258064516129,1.1959666151274468,Female,Bottom
1,9,6,14.0,20.0,170.18,69.399576,177.8,23.962922240836683,1.0447761194029852,1.2017303391017835,Male,Top
1,7,6,19.0,34.0,181.61,68.0388,185.42,20.628950251005296,1.0209790209790208,1.2792524265566119,Male,Bottom
0,0,6,26.0,50.0,162.56,52.16308,165.1,19.739486256316262,1.015625,1.4984368254328542,Female,
1,5,6,13.0,26.0,170.18,68.0388,175.26,23.49306102042812,1.0298507462686566,1.1910674497492608,Male,Bottom
1,9,5,21.0,45.0,167.64,61.23492,162.56,21.78932870262435,0.9696969696969698,1.3429415764730321,Male,Top
0,6,2,5.0,7.0,170.18,68.0388,165.1,23.49306102042812,0.9701492537313432,1.0734874806727925,Female,Bottom
0,0,5,6.0,11.0,167.64,63.049288,167.64,22.434938441961368,1.0,1.0951636440367096,Female,
1,8,3,23.0,33.0,187.96,84.368112,198.12,23.880722268383906,1.054054054054054,1.2726148476571337,Male,Top
1,5,2,12.0,34.0,182.88,74.84268,187.96,22.377775079624236,1.027777777777778,1.160336321467911,Male,Bottom
1,4,5,11.0,30.0,171.45,79.832192,180.34,27.15833088181952,1.051851851851852,1.137789026261486,Male,Bottom
1,9,6,15.0,23.0,172.72,72.57472,180.34,24.327647271211493,1.0441176470588236,1.206683539392229,Male,Top
1,0,1,14.0,45.0,174.752,62.595696,197.612,20.497465447337593,1.130813953488372,1.2236575498737168,Male,
0,0,6,6.0,22.0,160.02,68.0388,158.75,26.571013081557528,0.992063492063492,1.088184976807351,Female,
1,0,6,12.0,24.0,172.72,73.481904,170.18,24.63174286210164,0.9852941176470589,1.1633055126062057,Male,
1,0,5,17.0,27.0,187.96,79.832192,190.5,22.59681246900843,1.0135135135135134,1.2129466769495694,Male,
1,7,5,9.0,12.0,195.58,90.7184,198.12,23.71627613891085,1.0129870129870129,1.09920809890827,Male,Bottom
1,6,2,17.0,25.0,172.72,61.23492,172.72,20.5264523850847,1.0,1.2776193714305497,Male,Bottom
1,6,2,14.0,28.0,182.88,79.3786,182.88,23.734003872328735,1.0,1.176369953614702,Male,Bottom
0,5,3,11.0,17.0,154.94,56.699,157.48,23.618281582169185,1.0163934426229508,1.1940069489761724,Female,Bottom
0,4,3,10.0,32.0,166.878,58.96696,166.878,21.17437334453262,1.0,1.1695864938602907,Female,Bottom
1,6,2,16.0,31.0,187.96,81.64656,187.96,23.110376388758617,1.0,1.1959666151274468,Male,Bottom
3,3,4,3.0,40.0,170.18,67.585208,165.1,23.336440613625264,0.9701492537313432,1.0443884111446398,Other/Prefer to Not Answer,Bottom
1,0,6,17.0,36.0,180.34,75.749864,187.96,23.291514387035914,1.0422535211267605,1.2244228451684085,Male,
1,4,5,16.0,28.0,182.88,79.3786,187.96,23.734003872328735,1.027777777777778,1.2015656612739454,Male,Bottom
1,6,6,23.0,51.0,177.8,74.84268,182.88,23.67477265566776,1.0285714285714285,1.3073112828134963,Male,Bottom
1,8,6,14.0,33.0,167.64,63.50288,165.1,22.59634087679562,0.9848484848484849,1.2204624420183778,Male,Top
1,9,6,17.0,21.0,182.88,68.0388,185.42,20.343431890567484,1.0138888888888888,1.2498574342874949,Male,Top
0,6,6,14.0,35.0,162.56,65.77084,167.64,24.88891745361616,1.03125,1.2128602888453301,Female,Bottom
1,7,4,15.0,28.0,180.34,78.471416,187.96,24.128335263216844,1.0422535211267605,1.191152406374316,Male,Bottom
0,9,6,16.0,30.0,151.003,51.255896,151.13,22.478776984594674,1.0008410428931875,1.312159209937526,Female,Top
0,9,6,21.0,30.0,152.4,52.16308,157.48,22.4591488071865,1.0333333333333332,1.40258358977269,Female,Top
1,6,6,16.0,42.0,175.26,74.389088,176.53,24.21829804802227,1.0072463768115942,1.2150853092862222,Male,Bottom
1,5,2,16.0,24.0,180.34,70.30676,182.88,21.61787263467405,1.0140845070422535,1.22757413369639,Male,Bottom
0,0,5,15.0,25.0,149.86,44.452016,154.94,19.79338195964527,1.0338983050847457,1.3374425132934353,Female,
1,8,6,14.0,19.0,172.72,71.213944,180.34,23.87150388487628,1.0441176470588236,1.1965907126278528,Male,Top
1,6,6,16.0,32.0,182.88,70.760352,187.96,21.157169166190183,1.027777777777778,1.226115325147054,Male,Bottom
1,8,6,14.0,19.0,172.72,71.213944,180.34,23.87150388487628,1.0441176470588236,1.1965907126278528,Male,Top
1,6,6,19.0,39.0,175.26,73.028312,180.34,23.775280400802348,1.028985507246377,1.2601730682204457,Male,Bottom
0,0,6,6.0,15.0,175.26,64.863656,172.72,21.117174517482834,0.9855072463768116,1.0925017239237949,Female,
0,7,5,9.0,18.0,170.18,56.699,163.83,19.57755085035677,0.9626865671641791,1.158732958253232,Female,Bottom
1,8,5,28.0,35.0,177.8,70.30676,177.8,22.239937949263652,1.0,1.3982547339686824,Male,Top
1,0,6,11.0,31.0,180.34,65.77084,187.96,20.223171174372503,1.0422535211267605,1.1672473698070451,Male,
1,6,2,20.0,26.0,177.8,66.678024,172.72,21.092070184140365,0.9714285714285713,1.2999489007052758,Male,Bottom
1,9,3,23.0,35.0,182.88,74.389088,190.5,22.242152200353782,1.0416666666666667,1.3091851320989445,Male,Top
1,7,5,15.0,30.0,175.895,72.6654384,176.53,23.48664099014653,1.0036101083032491,1.2064255075078443,Male,Bottom
1,6,5,16.0,34.0,170.18,64.863656,172.72,22.396718172808146,1.0149253731343284,1.2466712637967863,Male,Bottom
1,0,4,4.0,5.0,168.91,74.389088,171.45,26.073450620528916,1.0150375939849623,1.0537713273215557,Male,
1,7,4,14.0,31.0,180.34,73.481904,186.69,22.594163656885137,1.0352112676056338,1.1905230980405734,Male,Bottom
1,10,6,19.0,33.0,181.61,79.3786,191.77,24.06710862617285,1.0559440559440558,1.23935922276281,Male,Top
1,7,6,15.0,38.0,177.8,67.131616,177.8,21.235553654780777,1.0,1.2234416642078154,Male,Bottom
1,10,6,26.0,42.0,167.64,58.96696,179.07,20.982316528453076,1.0681818181818181,1.4409248840367554,Male,Top
1,10,6,12.0,22.0,170.18,67.131616,185.42,23.179820206822413,1.08955223880597,1.1787533313662522,Male,Top
1,0,6,6.0,10.0,180.975,87.996848,190.5,26.867666297967254,1.0526315789473684,1.068184260418055,Male,
1,8,6,14.0,22.0,184.15,88.904032,189.23,26.216699206287828,1.0275862068965516,1.1574731728702699,Male,Top
0,1,6,0.0,11.0,165.1,67.131616,165.1,24.62821607300019,1.0,1.0,Female,Bottom
1,6,6,15.0,25.0,180.34,87.089664,187.96,26.778268037789793,1.0422535211267605,1.1722362828268575,Male,Bottom
1,4,3,20.0,70.0,182.88,74.84268,185.42,22.377775079624236,1.0138888888888888,1.2672272024465185,Male,Bottom
1,6,6,14.0,30.0,185.42,82.553744,184.15,24.011739372699992,0.9931506849315069,1.1695864938602907,Male,Bottom
0,8,3,14.0,14.0,170.18,52.16308,168.91,18.01134678232823,0.9925373134328358,1.26838905984846,Female,Top
1,0,5,9.0,20.0,177.8,78.017824,182.88,24.679156950150634,1.0285714285714285,1.1153582545445,Male,
1,4,5,14.0,30.0,187.96,81.64656,185.42,23.110376388758617,0.9864864864864864,1.171470788236516,Male,Bottom
1,9,3,13.0,21.0,193.04,89.811216,205.74,24.101049725645158,1.0657894736842106,1.1447480679918642,Male,Top
1,8,6,12.0,25.0,181.0004,71.13683336,184.9882,21.71378130829316,1.0220319955094022,1.168688981969045,Male,Top
1,2,5,11.0,31.0,180.34,81.64656,180.34,25.10462628542793,1.0,1.1347270479001197,Male,Bottom
0,0,6,10.0,16.0,165.1,67.131616,171.45,24.62821607300019,1.0384615384615383,1.1489611094718768,Female,
1,8,6,21.0,34.0,170.18,68.0388,167.64,23.49306102042812,0.9850746268656715,1.3086474188257289,Male,Top
1,0,3,7.0,13.0,178.816,71.667536,178.816,22.41350218108494,1.0,1.0976732338056103,Male,
0,5,6,11.0,13.0,170.18,65.77084,162.56,22.709958986413852,0.9552238805970149,1.1672473698070451,Female,Bottom
0,0,6,13.0,15.0,165.735,74.389088,175.26,27.082002203522322,1.057471264367816,1.1747568137950555,Female,
1,6,2,20.0,40.0,187.96,81.64656,187.96,23.110376388758617,1.0,1.2449582689093086,Male,Bottom
0,0,3,3.0,20.0,172.72,65.77084,172.72,22.046930339535418,1.0,1.045612919038285,Female,
1,0,2,13.0,45.0,175.26,78.471416,181.61,25.547350989682027,1.0362318840579712,1.1656654188577404,Male,
0,4,2,7.0,20.0,158.75,53.977448,158.75,21.41829420298841,1.0,1.129683789422575,Female,Bottom
1,6,6,15.0,40.0,175.26,74.84268,176.53,24.365970597095576,1.0072463768115942,1.200420401834889,Male,Bottom
1,6,6,13.0,56.0,144.78,65.77084,149.86,31.377348688830963,1.0350877192982457,1.1976559824992352,Male,Bottom
1,7,2,14.0,26.0,182.88,81.64656,182.88,24.41211826868098,1.0,1.171470788236516,Male,Bottom
1,0,6,17.0,38.0,180.34,78.471416,187.96,24.128335263216844,1.0422535211267605,1.2166393938908915,Male,
1,13,6,19.0,19.0,175.26,62.595696,185.42,20.378811772116297,1.0579710144927537,1.303535246257187,Male,Top
1,0,6,30.0,37.0,182.88,70.760352,185.42,21.157169166190183,1.0138888888888888,1.4239662346507265,Male,
1,1,6,14.0,32.0,181.61,74.84268,185.42,22.69184527610583,1.0209790209790208,1.187059041712563,Male,Bottom
1,7,3,16.0,39.0,182.88,80.285784,185.42,24.005249630869635,1.0138888888888888,1.1992880831804544,Male,Bottom
1,10,6,21.0,26.0,170.18,63.50288,175.26,21.92685695239958,1.0298507462686566,1.3306936630275668,Male,Top
0,4,2,10.0,24.0,162.56,51.255896,164.465,19.396190843162938,1.01171875,1.1950995062109537,Female,Bottom
1,4,5,16.0,27.0,182.88,79.3786,187.96,23.734003872328735,1.027777777777778,1.2015656612739454,Male,Bottom
1,0,6,15.0,14.0,172.0088,59.420552,166.9288,20.083312677143454,0.9704666272888363,1.252437910708066,Male,
1,11,6,25.0,35.0,185.42,79.3786,185.42,23.088210935288455,1.0,1.3149463457405397,Male,Top
1,4,6,25.0,23.0,182.88,79.832192,182.88,23.869626751599185,1.0,1.3131568778670137,Male,Bottom
1,6,1,20.0,36.0,172.72,65.77084,185.42,22.046930339535418,1.0735294117647058,1.3040861269219004,Male,Bottom
1,7,6,18.0,41.0,175.26,76.657048,180.34,24.956660793388803,1.028985507246377,1.2348120684219408,Male,Bottom
0,8,3,14.0,20.0,160.02,58.96696,162.56,23.02821133734986,1.0158730158730158,1.2374210914044068,Female,Top
1,7,2,21.0,40.0,187.96,83.91452,187.96,23.752331288446356,1.0,1.2502546639127532,Male,Bottom
1,5,3,12.0,36.0,152.4,78.925008,180.34,33.981668630003924,1.1833333333333333,1.1520430634609502,Male,Bottom
0,0,6,15.0,30.0,165.1,53.523856,162.56,19.636010112256912,0.9846153846153847,1.280248866972514,Female,
1,7,5,14.0,31.0,175.26,74.84268,182.88,24.365970597095576,1.0434782608695652,1.187059041712563,Male,Bottom
0,0,3,0.0,6.0,157.48,71.213944,149.86,28.71535743071486,0.9516129032258066,1.0,Female,
1,5,6,14.0,29.0,173.99,67.131616,177.165,22.1757606496725,1.0182481751824817,1.2085455532606275,Male,Bottom
1,9,6,15.0,35.0,177.8,77.11064,177.8,24.392190008869814,1.0,1.1945256841338627,Male,Top
1,4,3,20.0,36.0,170.18,64.863656,172.72,22.396718172808146,1.0149253731343284,1.3083390797459828,Male,Bottom
1,5,3,17.0,33.0,172.72,63.50288,172.72,21.28669136231006,1.0,1.2677043938794588,Male,Bottom
1,4,3,20.0,36.0,170.18,64.863656,172.72,22.396718172808146,1.0149253731343284,1.3083390797459828,Male,Bottom
1,0,6,17.0,32.0,180.34,73.935496,185.42,22.733633802915293,1.028169014084507,1.2299301542522958,Male,
1,8,3,8.0,13.0,185.42,72.57472,187.96,21.109221426549443,1.0136986301369864,1.110231221009189,Male,Top
1,0,6,16.0,31.0,177.8,77.11064,182.88,24.392190008869814,1.0285714285714285,1.2074940630761202,Male,
1,0,6,13.0,38.0,172.72,77.11064,172.72,25.848125225662216,1.0,1.1685889262493476,Male,
1,3,6,9.0,20.0,187.96,89.357624,182.88,25.293023047696934,0.9729729729729729,1.1007188821403757,Male,Bottom
1,8,6,10.0,10.0,177.8,88.45044,182.88,27.979276774880077,1.0285714285714285,1.1130576625735271,Male,Top
1,6,6,15.0,41.0,175.26,74.389088,176.53,24.21829804802227,1.0072463768115942,1.2016424774558334,Male,Bottom
0,4,4,8.0,16.0,162.56,62.595696,167.64,23.687383507579515,1.03125,1.1278043142135525,Female,Bottom
0,9,6,18.0,35.0,157.48,53.070264,157.48,21.3993427986856,1.0,1.3391729877205814,Female,Top
0,9,6,14.0,30.0,154.94,48.987936,157.48,20.406195286994176,1.0163934426229508,1.28578464706086,Female,Top
1,0,6,11.0,18.0,185.42,76.203456,184.404,22.164682497876917,0.9945205479452055,1.144350408464414,Male,
1,7,3,16.0,22.0,180.34,77.11064,182.88,23.70992482512638,1.0140845070422535,1.2074940630761202,Male,Bottom
1,7,3,16.0,22.0,180.34,77.11064,182.88,23.70992482512638,1.0140845070422535,1.2074940630761202,Male,Bottom
1,3,6,18.0,35.0,168.91,68.0388,172.72,23.847668250483764,1.0225563909774436,1.2645549304220534,Male,Bottom
1,7,1,18.0,20.0,180.34,68.0388,182.88,20.920521904523273,1.0140845070422535,1.2645549304220534,Male,Bottom
1,9,5,23.0,31.0,167.64,69.399576,172.72,24.69457252964093,1.0303030303030303,1.3314141285243588,Male,Top
1,4,1,13.0,22.0,175.26,58.96696,180.34,19.197431379529846,1.028985507246377,1.2204624420183778,Male,Bottom
1,2,0,17.0,53.0,175.26,69.853168,170.18,22.741572557289203,0.9710144927536233,1.2433676307995079,Male,Bottom
1,3,0,11.0,35.0,180.34,80.739376,180.34,24.825685993367617,1.0,1.1362408349551774,Male,Bottom
1,0,1,17.0,31.0,171.958,59.874144,170.18,20.248578817883583,0.9896602658788775,1.2839289025994258,Male,
1,3,0,23.0,40.0,168.91,65.77084,170.434,23.05274597546764,1.0090225563909774,1.3496990459601854,Male,Bottom
1,5,2,17.0,50.0,182.88,74.84268,182.88,22.377775079624236,1.0,1.2271431220795408,Male,Bottom
1,8,6,23.0,40.0,183.9976,79.832192,186.0042,23.580539526130835,1.0109055770292656,1.2881043276376527,Male,Top
1,7,3,20.0,60.0,170.942,63.956472,172.72,21.887035245139902,1.0104011887072808,1.3127126837140108,Male,Bottom
1,0,3,12.0,28.0,168.91,63.50288,172.72,22.257823700451514,1.0225563909774436,1.188967807444324,Male,
1,6,4,12.0,19.0,180.34,74.84268,187.96,23.0125740949756,1.0422535211267605,1.160336321467911,Male,Bottom
1,9,6,22.0,50.0,167.64,61.23492,162.56,21.78932870262435,0.9696969696969698,1.3592721277336526,Male,Top
0,7,6,12.0,18.0,170.18,61.23492,170.18,21.14375491838531,1.0,1.1959666151274468,Female,Bottom
0,4,5,8.0,8.0,157.48,53.523856,157.48,21.582243164486332,1.0,1.1494660623853408,Female,Bottom
1,5,6,16.0,34.0,170.18,62.142104,168.91,21.456995731991018,0.9925373134328358,1.2574743848389813,Male,Bottom
1,7,6,18.0,35.0,161.29,61.23492,170.18,23.538797403095458,1.0551181102362206,1.2939499226911704,Male,Bottom
1,3,6,10.0,16.0,177.8,75.296272,181.61,23.81825612630817,1.0214285714285714,1.132808700011071,Male,Bottom
1,5,3,17.0,31.0,172.72,70.30676,177.8,23.567408293986134,1.0294117647058825,1.2417975170524143,Male,Bottom
1,9,6,24.0,48.0,167.64,61.23492,170.18,21.78932870262435,1.0151515151515154,1.3919332302548937,Male,Top
1,7,6,18.0,35.0,161.29,61.23492,170.18,23.538797403095458,1.0551181102362206,1.2939499226911704,Male,Bottom
1,4,2,20.0,50.0,170.18,58.96696,170.18,20.36065288437104,1.0,1.3391729877205811,Male,Bottom
0,1,1,12.0,19.0,154.305,46.719976,152.4,19.621970263940867,0.9876543209876543,1.2568494470117022,Female,Bottom
0,4,6,7.0,15.0,160.02,56.699,160.02,22.142510901297943,1.0,1.1234589675302915,Female,Bottom
0,0,6,15.0,48.0,167.005,52.16308,169.545,18.70269877103822,1.015209125475285,1.287559706980493,Female,
1,9,3,32.0,48.0,185.42,75.296272,187.96,21.90081723004505,1.0136986301369864,1.424987840035427,Male,Top
1,6,4,17.0,34.0,174.9806,72.57472,177.8,23.703122784744522,1.0161126433444623,1.2342413446445264,Male,Bottom
